"행정구역(읍면동)별(1)",행정구역(읍면동)별(2),행정구역(읍면동)별(3),2018,2018,2018,2018,2018,2018,2018,2018,2018,2018,2018,2019,2019,2019,2019,2019,2019,2019,2019,2019,2019,2019,2020,2020,2020,2020,2020,2020,2020,2020,2020,2020,2020,2021,2021,2021,2021,2021,2021,2021,2021,2021,2021,2021
"행정구역(읍면동)별(1)",행정구역(읍면동)별(2),행정구역(읍면동)별(3),합계,한국인배우자,결혼이민자 및 귀화자,결혼이민자 및 귀화자,결혼이민자 및 귀화자,자녀,자녀,자녀,기타동거인,기타동거인,기타동거인,합계,한국인배우자,결혼이민자 및 귀화자,결혼이민자 및 귀화자,결혼이민자 및 귀화자,자녀,자녀,자녀,기타동거인,기타동거인,기타동거인,합계,한국인배우자,결혼이민자 및 귀화자,결혼이민자 및 귀화자,결혼이민자 및 귀화자,자녀,자녀,자녀,기타동거인,기타동거인,기타동거인,합계,한국인배우자,결혼이민자 및 귀화자,결혼이민자 및 귀화자,결혼이민자 및 귀화자,자녀,자녀,자녀,기타동거인,기타동거인,기타동거인
"행정구역(읍면동)별(1)",행정구역(읍면동)별(2),행정구역(읍면동)별(3),소계,소계,소계,결혼이민자,귀화자,소계,귀화 및 외국국적 자녀,국내출생,소계,내국인,외국인,소계,소계,소계,결혼이민자,귀화자,소계,귀화 및 외국국적 자녀,국내출생,소계,내국인,외국인,소계,소계,소계,결혼이민자,귀화자,소계,귀화 및 외국국적 자녀,국내출생,소계,내국인,외국인,소계,소계,소계,결혼이민자,귀화자,소계,귀화 및 외국국적 자녀,국내출생,소계,내국인,외국인
"서울특별시",소계,소계,183149,23506,71833,32513,39320,32598,2663,29935,55212,40427,14785,189010,23038,72489,33149,39340,36299,3011,33288,57184,41083,16101,187239,26139,72110,31527,40583,37293,3272,34021,51697,41658,10039,187022,26176,72378,30984,41394,38123,3448,34675,50345,40295,10050
"서울특별시",종로구,소계,2928,396,1087,608,479,471,32,439,974,768,206,2976,378,1089,611,478,542,39,503,967,750,217,3006,446,1110,622,488,546,39,507,904,780,124,3057,459,1094,611,483,573,34,539,931,782,149
"서울특별시",종로구,사직동,199,30,63,44,19,32,*,30,74,70,*,189,15,59,38,21,35,5,30,80,74,6,195,34,69,48,21,35,*,32,57,54,*,193,31,58,45,13,41,6,35,63,59,*
"서울특별시",종로구,삼청동,34,5,13,7,6,7,*,6,9,8,*,40,6,16,9,7,6,*,6,12,11,*,51,5,14,8,6,9,*,9,23,22,*,40,5,13,7,6,7,*,7,15,14,*
"서울특별시",종로구,부암동,130,19,39,25,14,18,*,18,54,52,*,115,17,36,25,11,21,*,21,41,38,*,156,25,44,30,14,22,*,22,65,63,*,146,27,44,32,12,22,*,22,53,53,*
"서울특별시",종로구,평창동,271,34,73,54,19,54,*,53,110,104,6,264,26,69,52,17,56,*,55,113,107,6,314,42,81,65,16,65,*,64,126,120,6,343,51,92,76,16,71,*,70,129,123,6
"서울특별시",종로구,무악동,80,12,26,18,8,13,*,13,29,27,*,96,9,27,17,10,22,*,22,38,36,*,89,13,28,17,11,23,*,23,25,23,*,93,14,27,15,12,22,*,22,30,29,*
"서울특별시",종로구,교남동,122,23,42,26,16,27,*,27,30,27,*,152,28,49,33,16,34,*,33,41,39,*,173,34,55,39,16,36,*,34,48,45,*,185,34,55,41,14,47,*,47,49,45,*
"서울특별시",종로구,가회동,112,16,37,22,15,21,*,19,38,29,9,102,17,35,22,13,20,*,19,30,25,5,103,20,35,23,12,17,*,16,31,30,*,108,21,36,25,11,19,*,18,32,31,*
"서울특별시",종로구,종로1·2·3·4가동,120,18,43,29,14,23,*,22,36,34,*,128,18,51,36,15,22,*,22,37,31,6,113,20,44,29,15,24,*,24,25,23,*,108,19,37,22,15,26,*,26,26,23,*
"서울특별시",종로구,종로5·6가동,140,20,53,34,19,20,5,15,47,34,13,122,15,45,26,19,22,*,18,40,28,12,127,17,45,28,17,23,*,20,42,23,19,138,18,48,24,24,29,*,25,43,16,27
"서울특별시",종로구,이화동,126,23,41,22,19,24,*,22,38,32,6,128,23,48,28,20,29,*,26,28,22,6,119,22,46,24,22,29,*,26,22,19,*,108,19,41,24,17,24,*,22,24,20,*
"서울특별시",종로구,창신1동,240,25,111,61,50,20,*,18,84,48,36,253,29,116,62,54,26,5,21,82,45,37,233,28,105,55,50,28,*,24,72,52,20,226,26,102,52,50,35,*,31,63,38,25
"서울특별시",종로구,창신2동,504,56,214,100,114,70,8,62,164,83,81,463,50,196,81,115,72,10,62,145,75,70,419,50,193,77,116,63,8,55,113,84,29,375,44,174,62,112,46,6,40,111,74,37
"서울특별시",종로구,창신3동,142,12,49,27,22,25,*,23,56,45,11,135,15,51,28,23,23,*,21,46,35,11,118,14,45,22,23,25,*,22,34,26,8,105,13,37,17,20,23,*,21,32,27,5
"서울특별시",종로구,숭인1동,139,17,61,24,37,24,*,21,37,31,6,165,22,63,32,31,33,*,30,47,31,16,169,19,69,31,38,35,5,30,46,41,5,192,30,79,38,41,36,*,32,47,42,5
"서울특별시",종로구,숭인2동,246,39,115,53,62,35,*,33,57,40,17,287,42,118,58,60,50,*,47,77,50,27,301,48,121,57,64,52,5,47,80,64,16,306,47,128,54,74,55,*,53,76,63,13
"서울특별시",종로구,청운효자동,134,22,36,24,12,20,*,20,56,55,*,146,21,37,28,9,29,*,29,59,59,*,133,23,35,27,8,23,*,23,52,51,*,178,27,43,35,8,30,*,30,78,75,*
"서울특별시",종로구,혜화동,189,25,71,38,33,38,*,37,55,49,6,191,25,73,36,37,42,*,41,51,44,7,193,32,81,42,39,37,*,36,43,40,*,213,33,80,42,38,40,*,38,60,50,10
"서울특별시",중구,소계,3224,445,1250,652,598,550,31,519,979,696,283,3363,446,1277,659,618,624,50,574,1016,745,271,3375,528,1280,643,637,629,49,580,938,737,201,3345,525,1291,659,632,642,48,594,887,692,195
"서울특별시",중구,소공동,35,7,12,8,*,7,*,7,9,9,*,55,8,21,14,7,9,*,9,17,16,*,61,12,22,15,7,13,*,13,14,14,*,58,11,22,17,5,13,*,13,12,12,*
"서울특별시",중구,회현동,197,25,72,39,33,30,*,28,70,50,20,201,17,69,35,34,35,*,33,80,65,15,206,31,78,40,38,34,*,32,63,51,12,211,36,81,49,32,33,*,31,61,46,15
"서울특별시",중구,명동,81,9,35,17,18,12,*,12,25,16,9,118,10,42,21,21,18,*,18,48,25,23,101,12,43,22,21,17,*,17,29,18,11,82,10,38,15,23,16,*,16,18,12,6
"서울특별시",중구,필동,93,12,34,25,9,14,*,14,33,30,*,112,18,42,28,14,18,*,17,34,29,5,93,19,36,23,13,16,*,14,22,22,*,110,21,41,26,15,17,*,16,31,25,6
"서울특별시",중구,장충동,115,15,43,21,22,17,*,15,40,32,8,112,19,41,21,20,20,*,19,32,22,10,125,17,44,23,21,24,*,21,40,26,14,135,20,47,25,22,25,*,24,43,26,17
"서울특별시",중구,광희동,153,21,71,35,36,24,*,22,37,21,16,148,20,70,38,32,17,*,15,41,22,19,153,26,67,37,30,17,*,16,43,27,16,149,21,65,34,31,22,*,20,41,29,12
"서울특별시",중구,을지로동,28,*,10,7,*,5,*,5,10,7,*,26,*,11,*,7,6,*,6,8,*,*,20,*,9,*,6,*,*,*,6,*,*,23,*,8,*,5,6,*,6,7,*,*
"서울특별시",중구,신당5동,302,48,133,54,79,58,5,53,63,48,15,350,54,150,63,87,70,6,64,76,56,20,350,55,147,59,88,69,7,62,79,71,8,316,46,134,51,83,68,6,62,68,57,11
"서울특별시",중구,황학동,469,51,205,103,102,69,5,64,144,68,76,476,57,199,99,100,81,12,69,139,69,70,447,63,201,90,111,86,7,79,97,67,30,428,62,197,87,110,89,8,81,80,59,21
"서울특별시",중구,중림동,236,44,80,44,36,36,*,36,76,68,8,265,45,89,48,41,44,*,44,87,79,8,264,54,84,42,42,46,*,46,80,70,10,264,53,88,46,42,53,*,53,70,60,10
"서울특별시",중구,신당동,440,37,200,84,116,58,7,51,145,61,84,417,43,200,83,117,60,9,51,114,53,61,404,48,180,71,109,54,7,47,122,64,58,407,50,190,80,110,54,6,48,113,60,53
"서울특별시",중구,다산동,321,54,116,70,46,62,*,59,89,74,15,336,45,115,68,47,68,8,60,108,97,11,354,55,120,70,50,69,10,59,110,101,9,355,59,124,73,51,69,10,59,103,96,7
"서울특별시",중구,약수동,349,59,103,73,30,78,*,78,109,103,6,345,53,98,66,32,83,*,82,111,104,7,353,67,106,70,36,83,*,80,97,88,9,362,60,105,68,37,80,*,78,117,104,13
"서울특별시",중구,청구동,194,35,73,44,29,32,*,29,54,47,7,181,31,62,42,20,32,*,29,56,48,8,229,43,77,48,29,35,*,32,74,58,16,222,46,80,50,30,36,*,32,60,47,13
"서울특별시",중구,동화동,211,25,63,28,35,48,*,46,75,62,13,221,25,68,29,39,63,5,58,65,56,9,215,25,66,30,36,62,*,58,62,56,6,223,28,71,35,36,61,6,55,63,55,8
"서울특별시",용산구,소계,5451,852,1988,1279,709,1001,64,937,1610,1407,203,5613,735,1916,1247,669,1155,70,1085,1807,1552,255,5794,962,1971,1324,647,1203,73,1130,1658,1470,188,5731,979,1995,1338,657,1211,65,1146,1546,1364,182
"서울특별시",용산구,후암동,429,74,171,96,75,78,5,73,106,85,21,434,72,166,93,73,83,6,77,113,90,23,414,74,158,91,67,69,6,63,113,102,11,376,74,148,87,61,62,7,55,92,82,10
"서울특별시",용산구,용산2가동,393,70,154,112,42,66,*,64,103,73,30,363,64,143,99,44,64,*,61,92,77,15,353,61,128,88,40,63,*,61,101,72,29,368,63,139,96,43,69,*,67,97,76,21
"서울특별시",용산구,남영동,146,23,67,39,28,18,*,16,38,25,13,137,23,62,41,21,13,*,12,39,26,13,147,26,57,35,22,21,*,20,43,29,14,157,30,66,36,30,24,*,23,37,26,11
"서울특별시",용산구,원효로2동,181,30,62,36,26,38,*,38,51,50,*,164,24,60,34,26,35,*,35,45,44,*,183,36,67,35,32,35,*,35,45,41,*,184,33,65,34,31,39,*,39,47,43,*
"서울특별시",용산구,효창동,148,18,49,31,18,35,*,33,46,45,*,144,17,46,27,19,39,*,38,42,42,*,153,25,51,30,21,36,*,35,41,38,*,193,29,56,36,20,45,*,44,63,59,*
"서울특별시",용산구,용문동,166,31,60,37,23,32,*,29,43,41,*,194,37,61,38,23,46,*,43,50,44,6,169,34,52,34,18,45,*,41,38,35,*,167,29,57,35,22,40,*,37,41,40,*
"서울특별시",용산구,이촌1동,606,87,145,114,31,138,*,134,236,228,8,625,57,140,110,30,162,*,159,266,248,18,675,103,171,143,28,176,6,170,225,215,10,642,104,165,134,31,168,6,162,205,192,13
"서울특별시",용산구,이촌2동,175,28,48,36,12,46,*,44,53,50,*,191,24,43,31,12,54,*,52,70,66,*,175,27,43,31,12,50,*,48,55,52,*,162,25,41,24,17,46,*,44,50,47,*
"서울특별시",용산구,이태원1동,283,34,104,74,30,43,5,38,102,82,20,284,25,95,68,27,52,6,46,112,77,35,272,37,97,69,28,47,6,41,91,83,8,238,37,97,72,25,44,5,39,60,49,11
"서울특별시",용산구,이태원2동,359,66,140,112,28,59,*,59,94,80,14,361,60,134,106,28,63,*,62,104,87,17,355,71,132,107,25,56,*,56,96,85,11,394,81,150,121,29,65,*,62,98,77,21
"서울특별시",용산구,서빙고동,272,46,94,68,26,38,*,36,94,90,*,286,32,89,67,22,49,*,47,116,105,11,311,49,91,72,19,65,*,63,106,93,13,272,44,81,66,15,56,*,55,91,79,12
"서울특별시",용산구,보광동,530,80,230,133,97,98,19,79,122,99,23,529,72,219,130,89,109,22,87,129,96,33,517,69,205,118,87,109,24,85,134,108,26,492,66,198,111,87,112,19,93,116,95,21
"서울특별시",용산구,청파동,397,52,185,87,98,59,6,53,101,80,21,420,56,185,90,95,75,10,65,104,75,29,439,65,181,91,90,74,7,67,119,105,14,435,62,174,85,89,76,6,70,123,111,12
"서울특별시",용산구,원효로1동,319,55,113,69,44,53,*,52,98,89,9,333,48,109,71,38,64,*,64,112,100,12,307,61,103,68,35,61,*,60,82,72,10,316,56,106,68,38,67,*,66,87,79,8
"서울특별시",용산구,한강로동,374,51,126,83,43,71,5,66,126,118,8,388,36,113,76,37,82,*,78,157,146,11,468,73,146,104,42,101,5,96,148,136,12,514,96,166,129,37,110,*,106,142,126,16
"서울특별시",용산구,한남동,673,107,240,152,88,129,6,123,197,172,25,760,88,251,166,85,165,6,159,256,229,27,856,151,289,208,81,195,6,189,221,204,17,821,150,286,204,82,188,*,184,197,183,14
"서울특별시",성동구,소계,6012,856,2267,1161,1106,1140,58,1082,1749,1468,281,5802,719,2129,1110,1019,1244,72,1172,1710,1451,259,5866,910,2122,1127,995,1280,79,1201,1554,1367,187,5671,882,2045,1081,964,1283,77,1206,1461,1291,170
"서울특별시",성동구,왕십리2동,314,50,128,66,62,56,*,52,80,68,12,308,44,126,64,62,57,5,52,81,65,16,320,51,132,68,64,62,10,52,75,62,13,305,45,122,55,67,65,8,57,73,62,11
"서울특별시",성동구,마장동,521,65,206,86,120,121,11,110,129,109,20,555,68,207,83,124,141,13,128,139,117,22,582,72,219,94,125,149,13,136,142,120,22,538,65,204,80,124,137,9,128,132,110,22
"서울특별시",성동구,사근동,147,21,58,33,25,25,*,25,43,43,*,134,19,49,25,24,24,*,24,42,39,*,154,23,56,29,27,23,*,23,52,49,*,126,23,44,26,18,21,*,21,38,34,*
"서울특별시",성동구,행당1동,246,34,97,47,50,42,*,41,73,69,*,233,31,98,50,48,44,*,43,60,56,*,250,36,87,47,40,55,*,53,72,69,*,250,41,93,51,42,53,*,52,63,60,*
"서울특별시",성동구,행당2동,203,35,58,40,18,41,*,38,69,64,5,208,24,57,36,21,46,*,44,81,75,6,200,36,60,40,20,47,*,45,57,52,5,204,37,63,42,21,45,*,43,59,56,*
"서울특별시",성동구,응봉동,199,26,46,31,15,36,*,34,91,83,8,187,24,38,29,9,46,*,44,79,74,5,201,34,48,37,11,49,*,47,70,64,6,212,35,49,37,12,55,*,51,73,69,*
"서울특별시",성동구,금호1가동,224,29,73,43,30,35,*,34,87,80,7,259,26,76,48,28,52,*,51,105,94,11,265,45,89,58,31,52,*,48,79,71,8,243,45,85,57,28,50,*,46,63,57,6
"서울특별시",성동구,금호4가동,259,53,91,60,31,50,*,50,65,53,12,278,41,95,60,35,63,*,63,79,69,10,296,60,96,67,29,79,*,77,61,57,*,304,63,94,64,30,80,*,77,67,62,5
"서울특별시",성동구,성수1가1동,342,56,136,64,72,70,*,68,80,70,10,353,46,132,63,69,84,*,81,91,77,14,355,55,133,63,70,87,*,83,80,68,12,387,63,133,75,58,97,6,91,94,83,11
"서울특별시",성동구,성수1가2동,275,40,114,54,60,58,*,56,63,48,15,258,34,112,53,59,54,*,52,58,46,12,263,45,106,52,54,58,5,53,54,51,*,258,40,105,50,55,61,*,57,52,50,*
"서울특별시",성동구,성수2가1동,546,79,245,119,126,90,12,78,132,92,40,506,76,222,99,123,98,14,84,110,84,26,538,83,235,114,121,104,11,93,116,88,28,462,73,213,103,110,97,12,85,79,58,21
"서울특별시",성동구,성수2가3동,223,26,101,40,61,33,*,31,63,51,12,198,26,86,42,44,28,*,26,58,48,10,184,27,79,35,44,26,*,25,52,49,*,166,18,69,28,41,28,*,27,51,50,*
"서울특별시",성동구,송정동,341,43,142,58,84,67,*,64,89,56,33,292,28,118,52,66,58,7,51,88,56,32,244,32,102,42,60,51,5,46,59,50,9,254,34,108,44,64,52,*,48,60,46,14
"서울특별시",성동구,용답동,544,56,250,109,141,82,8,74,156,96,60,450,54,213,98,115,75,8,67,108,65,43,372,48,167,62,105,73,8,65,84,79,5,376,53,169,62,107,72,7,65,82,63,19
"서울특별시",성동구,왕십리도선동,631,85,238,107,131,121,5,116,187,162,25,602,78,224,104,120,132,9,123,168,146,22,578,83,212,95,117,116,5,111,167,132,35,594,79,215,99,116,119,9,110,181,156,25
"서울특별시",성동구,금호2·3가동,448,66,136,86,50,96,*,95,150,144,6,422,47,126,79,47,108,*,106,141,132,9,438,67,129,81,48,102,*,98,140,125,15,388,66,119,77,42,100,*,98,103,95,8
"서울특별시",성동구,옥수동,549,92,148,118,30,117,*,116,192,180,12,559,53,150,125,25,134,*,133,222,208,14,626,113,172,143,29,147,*,146,194,181,13,604,102,160,131,29,151,*,150,191,180,11
"서울특별시",광진구,소계,6928,877,2887,1268,1619,1204,80,1124,1960,1388,572,6999,882,2872,1276,1596,1315,104,1211,1930,1407,523,6839,945,2795,1157,1638,1309,113,1196,1790,1501,289,6635,932,2718,1095,1623,1323,117,1206,1662,1372,290
"서울특별시",광진구,화양동,311,32,171,61,110,36,*,34,72,38,34,290,43,154,57,97,37,*,35,56,41,15,287,40,157,51,106,27,*,26,63,58,5,282,44,136,43,93,30,*,30,72,70,*
"서울특별시",광진구,군자동,412,58,169,79,90,79,*,75,106,74,32,405,60,159,75,84,86,5,81,100,81,19,403,61,157,71,86,79,6,73,106,90,16,391,64,152,64,88,72,6,66,103,91,12
"서울특별시",광진구,중곡1동,315,50,144,71,73,51,*,49,70,57,13,331,50,148,70,78,56,*,54,77,56,21,338,47,145,65,80,56,*,53,90,74,16,356,48,151,71,80,60,6,54,97,80,17
"서울특별시",광진구,중곡2동,450,64,169,77,92,91,7,84,126,114,12,484,65,186,87,99,97,7,90,136,115,21,477,63,173,76,97,101,6,95,140,126,14,458,67,173,72,101,104,5,99,114,106,8
"서울특별시",광진구,중곡3동,356,58,127,59,68,87,*,85,84,77,7,375,53,121,52,69,94,5,89,107,83,24,376,56,124,53,71,92,*,88,104,95,9,337,52,114,41,73,79,5,74,92,82,10
"서울특별시",광진구,중곡4동,508,82,165,95,70,109,*,107,152,144,8,518,92,165,97,68,118,6,112,143,136,7,522,92,159,91,68,119,6,113,152,145,7,493,89,157,84,73,115,*,111,132,122,10
"서울특별시",광진구,능동,176,27,63,41,22,25,*,23,61,51,10,177,25,61,42,19,28,*,26,63,59,*,179,33,64,43,21,27,*,25,55,52,*,178,31,62,41,21,31,*,29,54,51,*
"서울특별시",광진구,구의1동,397,43,185,74,111,70,5,65,99,74,25,413,48,194,78,116,76,8,68,95,78,17,443,60,183,70,113,76,6,70,124,99,25,425,56,174,65,109,80,8,72,115,93,22
"서울특별시",광진구,구의2동,426,48,143,72,71,90,7,83,145,134,11,443,50,141,78,63,95,5,90,157,135,22,475,63,160,92,68,97,5,92,155,145,10,496,69,172,100,72,108,10,98,147,131,16
"서울특별시",광진구,구의3동,309,49,124,53,71,54,*,52,82,69,13,289,38,119,47,72,61,*,57,71,62,9,325,52,133,53,80,66,*,62,74,68,6,358,61,141,62,79,79,8,71,77,72,5
"서울특별시",광진구,광장동,222,33,56,36,20,55,*,53,78,72,6,220,24,53,35,18,58,*,57,85,76,9,216,37,56,37,19,59,*,58,64,61,*,219,39,62,38,24,62,*,59,56,51,5
"서울특별시",광진구,자양1동,735,98,339,132,207,125,11,114,173,124,49,775,104,353,137,216,141,15,126,177,117,60,796,102,352,118,234,148,21,127,194,143,51,736,86,341,108,233,145,20,125,164,109,55
"서울특별시",광진구,자양2동,434,68,160,65,95,80,6,74,126,104,22,465,66,169,73,96,98,13,85,132,108,24,509,80,189,81,108,104,13,91,136,110,26,484,77,172,67,105,100,9,91,135,110,25
"서울특별시",광진구,자양3동,444,57,169,77,92,92,8,84,126,112,14,439,50,158,74,84,105,9,96,126,111,15,424,55,161,72,89,103,8,95,105,100,5,417,58,156,74,82,96,*,92,107,95,12
"서울특별시",광진구,자양4동,1433,110,703,276,427,160,18,142,460,144,316,1375,114,691,274,417,165,20,145,405,149,256,1069,104,582,184,398,155,27,128,228,135,93,1005,91,555,165,390,162,27,135,197,109,88
"서울특별시",동대문구,소계,6252,884,2473,1183,1290,1169,92,1077,1726,1375,351,6419,906,2493,1199,1294,1286,102,1184,1734,1389,345,6442,940,2451,1124,1327,1311,116,1195,1740,1481,259,6359,924,2413,1072,1341,1298,108,1190,1724,1442,282
"서울특별시",동대문구,회기동,147,20,56,27,29,28,*,26,43,38,5,142,20,52,22,30,31,*,29,39,33,6,157,28,64,30,34,30,*,27,35,29,6,143,20,65,26,39,22,*,21,36,29,7
"서울특별시",동대문구,휘경1동,239,25,106,43,63,45,*,42,63,47,16,244,30,105,46,59,53,*,50,56,41,15,205,29,70,37,33,49,*,46,57,51,6,224,33,73,38,35,51,*,48,67,59,8
"서울특별시",동대문구,휘경2동,303,50,115,54,61,58,5,53,80,65,15,316,47,113,57,56,66,6,60,90,81,9,358,50,116,52,64,79,10,69,113,101,12,357,49,120,47,73,79,9,70,109,97,12
"서울특별시",동대문구,청량리동,552,67,242,108,134,88,12,76,155,120,35,512,58,221,95,126,88,11,77,145,107,38,482,55,203,83,120,87,10,77,137,117,20,407,47,177,64,113,77,13,64,106,84,22
"서울특별시",동대문구,용신동,896,118,412,196,216,126,11,115,240,163,77,902,116,404,191,213,140,19,121,242,170,72,871,112,378,154,224,153,19,134,228,175,53,877,124,385,158,227,151,17,134,217,153,64
"서울특별시",동대문구,제기동,537,69,228,96,132,84,9,75,156,113,43,553,71,233,106,127,86,8,78,163,120,43,535,78,220,85,135,97,12,85,140,114,26,515,82,221,93,128,92,8,84,120,88,32
"서울특별시",동대문구,전농1동,531,77,189,95,94,118,6,112,147,118,29,544,74,203,104,99,125,7,118,142,120,22,548,77,204,98,106,130,8,122,137,121,16,561,76,203,92,111,138,8,130,144,133,11
"서울특별시",동대문구,전농2동,200,30,65,36,29,48,*,45,57,52,5,214,40,72,40,32,50,*,47,52,47,5,242,38,77,41,36,52,*,48,75,70,5,255,40,83,48,35,54,*,51,78,71,7
"서울특별시",동대문구,답십리2동,409,67,163,74,89,88,7,81,91,80,11,456,70,170,82,88,99,5,94,117,105,12,441,68,175,74,101,94,*,90,104,85,19,429,64,172,74,98,86,*,83,107,94,13
"서울특별시",동대문구,장안1동,677,94,262,124,138,125,6,119,196,173,23,772,107,294,140,154,161,7,154,210,182,28,789,123,299,139,160,161,11,150,206,181,25,795,116,283,133,150,170,12,158,226,200,26
"서울특별시",동대문구,장안2동,482,81,167,88,79,103,9,94,131,118,13,581,100,207,106,101,131,10,121,143,121,22,605,108,212,109,103,126,8,118,159,137,22,603,107,207,102,105,130,8,122,159,138,21
"서울특별시",동대문구,이문1동,453,65,189,99,90,79,9,70,120,87,33,319,51,136,71,65,55,7,48,77,45,32,332,51,136,75,61,54,7,47,91,70,21,344,46,131,65,66,58,6,52,109,86,23
"서울특별시",동대문구,이문2동,408,59,123,65,58,98,*,94,128,95,33,393,59,121,59,62,99,7,92,114,95,19,396,56,130,61,69,101,7,94,109,96,13,392,56,123,54,69,94,6,88,119,104,15
"서울특별시",동대문구,답십리1동,418,62,156,78,78,81,6,75,119,106,13,471,63,162,80,82,102,7,95,144,122,22,481,67,167,86,81,98,10,88,149,134,15,457,64,170,78,92,96,11,85,127,106,21
"서울특별시",중랑구,소계,6605,1065,2379,1172,1207,1338,68,1270,1823,1589,234,6852,1096,2401,1184,1217,1476,81,1395,1879,1622,257,6953,1135,2402,1151,1251,1511,89,1422,1905,1723,182,7028,1181,2451,1154,1297,1538,103,1435,1858,1667,191
"서울특별시",중랑구,면목2동,501,88,176,95,81,99,*,97,138,123,15,492,82,171,87,84,98,*,96,141,123,18,489,78,170,83,87,93,*,91,148,137,11,506,92,188,88,100,95,*,91,131,116,15
"서울특별시",중랑구,면목4동,393,54,154,76,78,77,*,74,108,89,19,449,68,168,83,85,97,8,89,116,85,31,432,63,147,69,78,100,6,94,122,94,28,407,60,152,67,85,109,8,101,86,75,11
"서울특별시",중랑구,면목5동,198,33,71,31,40,43,*,41,51,44,7,218,35,73,29,44,49,*,48,61,49,12,267,50,90,44,46,58,*,55,69,60,9,259,44,87,42,45,63,*,59,65,51,14
"서울특별시",중랑구,면목7동,344,52,122,54,68,71,*,68,99,87,12,325,46,116,55,61,68,*,65,95,83,12,356,57,128,62,66,72,*,69,99,88,11,395,69,138,71,67,85,*,81,103,92,11
"서울특별시",중랑구,상봉1동,277,30,80,38,42,65,*,64,102,101,*,330,48,95,51,44,80,*,78,107,103,*,323,55,96,53,43,77,*,74,95,93,*,316,48,92,51,41,78,*,74,98,91,7
"서울특별시",중랑구,상봉2동,393,59,160,74,86,63,*,60,111,89,22,403,54,156,73,83,73,*,70,120,100,20,396,60,155,68,87,78,*,74,103,99,*,428,72,167,81,86,76,5,71,113,97,16
"서울특별시",중랑구,중화1동,333,53,104,48,56,78,6,72,98,88,10,365,62,115,59,56,91,7,84,97,87,10,358,63,119,57,62,83,8,75,93,87,6,348,62,116,54,62,77,6,71,93,85,8
"서울특별시",중랑구,중화2동,660,115,277,136,141,121,13,108,147,111,36,600,100,240,103,137,119,15,104,141,110,31,635,104,239,99,140,127,14,113,165,143,22,636,107,245,101,144,117,17,100,167,146,21
"서울특별시",중랑구,묵1동,378,65,126,67,59,79,*,75,108,100,8,420,62,131,74,57,96,*,92,131,119,12,423,63,130,73,57,105,5,100,125,119,6,453,72,138,80,58,115,*,111,128,120,8
"서울특별시",중랑구,묵2동,345,70,132,71,61,60,*,56,83,75,8,345,57,122,67,55,70,5,65,96,84,12,327,55,118,56,62,66,*,64,88,78,10,328,60,119,55,64,66,*,62,83,73,10
"서울특별시",중랑구,망우3동,386,69,131,66,65,83,*,80,103,95,8,411,72,144,72,72,91,*,88,104,97,7,433,73,153,77,76,90,*,87,117,107,10,407,73,144,70,74,88,*,84,102,100,*
"서울특별시",중랑구,신내1동,360,55,99,47,52,89,*,89,117,110,7,411,66,108,57,51,105,*,104,132,125,7,430,71,112,60,52,109,*,107,138,131,7,481,76,121,62,59,123,*,121,161,152,9
"서울특별시",중랑구,신내2동,239,40,68,41,27,41,*,40,90,85,5,241,41,74,43,31,42,*,42,84,79,5,237,46,75,44,31,48,*,48,68,64,*,241,45,75,48,27,48,*,46,73,69,*
"서울특별시",중랑구,면목본동,810,129,328,142,186,167,14,153,186,141,45,856,150,334,150,184,186,18,168,186,143,43,833,137,318,129,189,186,19,167,192,168,24,806,137,320,124,196,169,15,154,180,154,26
"서울특별시",중랑구,면목3·8동,469,72,173,86,87,99,7,92,125,107,18,479,77,178,88,90,106,7,99,118,98,20,478,76,173,84,89,105,11,94,124,110,14,474,77,167,71,96,110,15,95,120,108,12
"서울특별시",중랑구,망우본동,519,81,178,100,78,103,*,101,157,144,13,507,76,176,93,83,105,*,103,150,137,13,536,84,179,93,86,114,*,110,159,145,14,543,87,182,89,93,119,5,114,155,138,17
"서울특별시",성북구,소계,6201,972,2022,1078,944,1305,59,1246,1902,1673,229,6318,972,2019,1065,954,1475,76,1399,1852,1634,218,6560,1079,2084,1089,995,1518,84,1434,1879,1678,201,6472,1051,2094,1067,1027,1542,86,1456,1785,1593,192
"서울특별시",성북구,돈암1동,172,24,57,31,26,26,*,26,65,61,*,156,20,47,28,19,32,*,32,57,50,7,156,24,53,29,24,28,*,28,51,46,5,147,21,50,29,21,26,*,26,50,45,5
"서울특별시",성북구,돈암2동,275,42,70,52,18,53,*,53,110,105,5,245,33,63,46,17,58,*,58,91,86,5,260,48,67,49,18,59,*,59,86,82,*,276,49,73,53,20,58,*,58,96,85,11
"서울특별시",성북구,안암동,232,34,82,48,34,37,5,32,79,58,21,234,34,76,44,32,46,7,39,78,67,11,238,36,77,42,35,47,6,41,78,65,13,239,38,79,42,37,48,*,44,74,61,13
"서울특별시",성북구,보문동,309,49,121,61,60,67,*,65,72,54,18,293,49,112,55,57,71,*,69,61,47,14,294,54,119,55,64,70,*,68,51,38,13,287,49,118,52,66,67,*,65,53,39,14
"서울특별시",성북구,정릉1동,171,32,48,29,19,34,*,32,57,52,5,191,28,52,30,22,43,*,40,68,63,5,211,33,54,32,22,45,*,42,79,75,*,199,29,57,33,24,46,*,43,67,64,*
"서울특별시",성북구,정릉2동,238,43,70,43,27,55,*,53,70,65,5,277,47,86,52,34,66,5,61,78,69,9,300,54,96,58,38,67,*,64,83,74,9,294,57,96,56,40,71,*,69,70,62,8
"서울특별시",성북구,정릉3동,263,47,74,39,35,55,*,54,87,79,8,257,46,75,36,39,61,*,60,75,64,11,261,42,75,35,40,66,*,63,78,73,5,247,37,68,23,45,60,*,57,82,73,9
"서울특별시",성북구,정릉4동,397,64,121,70,51,76,*,75,136,104,32,373,57,115,67,48,81,*,79,120,104,16,360,66,112,60,52,82,*,79,100,89,11,389,62,123,68,55,88,*,85,116,106,10
"서울특별시",성북구,길음1동,344,57,114,62,52,73,*,72,100,89,11,349,47,100,51,49,92,*,90,110,99,11,360,50,99,53,46,91,*,88,120,107,13,361,60,105,66,39,93,*,89,103,93,10
"서울특별시",성북구,길음2동,145,28,47,26,21,35,*,34,35,30,5,194,34,61,32,29,48,*,46,51,45,6,204,37,69,35,34,51,*,49,47,42,5,206,35,68,31,37,59,*,55,44,36,8
"서울특별시",성북구,월곡1동,419,70,133,71,62,94,7,87,122,110,12,445,78,139,71,68,113,8,105,115,106,9,453,83,141,70,71,114,8,106,115,104,11,450,85,144,68,76,112,8,104,109,97,12
"서울특별시",성북구,월곡2동,343,56,121,65,56,71,*,69,95,82,13,388,61,133,71,62,90,*,86,104,91,13,362,61,121,62,59,85,*,81,95,86,9,337,55,114,56,58,88,7,81,80,75,5
"서울특별시",성북구,장위1동,347,57,112,66,46,76,6,70,102,96,6,382,61,117,65,52,90,9,81,114,99,15,410,57,116,59,57,109,8,101,128,121,7,449,65,131,65,66,123,6,117,130,121,9
"서울특별시",성북구,장위2동,298,47,109,56,53,65,6,59,77,74,*,275,41,92,43,49,64,8,56,78,75,*,308,56,106,53,53,78,11,67,68,64,*,299,52,107,46,61,78,10,68,62,58,*
"서울특별시",성북구,장위3동,173,32,51,24,27,44,*,41,46,46,*,197,31,60,30,30,52,*,51,54,52,*,241,45,73,41,32,58,*,57,65,61,*,165,31,49,33,16,42,*,41,43,43,*
"서울특별시",성북구,성북동,305,42,97,48,49,68,*,67,98,89,9,312,49,100,52,48,73,*,72,90,84,6,345,58,103,61,42,80,*,78,104,92,12,350,58,110,63,47,82,*,78,100,86,14
"서울특별시",성북구,삼선동,320,46,103,48,55,69,5,64,102,97,5,305,46,96,48,48,72,*,68,91,82,9,300,47,96,51,45,65,6,59,92,85,7,312,48,102,50,52,69,5,64,93,85,8
"서울특별시",성북구,동선동,186,25,62,37,25,32,*,31,67,53,14,158,21,52,32,20,32,*,31,53,49,*,176,28,54,35,19,35,*,34,59,56,*,174,27,53,34,19,30,*,29,64,58,6
"서울특별시",성북구,종암동,549,77,184,85,99,134,8,126,154,133,21,561,74,190,83,107,141,10,131,156,131,25,596,83,202,86,116,138,9,129,173,146,27,597,84,201,90,111,145,10,135,167,148,19
"서울특별시",성북구,석관동,715,100,246,117,129,141,5,136,228,196,32,726,115,253,129,124,150,6,144,208,171,37,725,117,251,123,128,150,9,141,207,172,35,694,109,246,109,137,157,9,148,182,158,24
"서울특별시",강북구,소계,5412,848,1820,894,926,1135,40,1095,1609,1415,194,5637,909,1888,952,936,1245,42,1203,1595,1411,184,5762,911,1894,930,964,1277,52,1225,1680,1518,162,5595,893,1876,853,1023,1285,58,1227,1541,1408,133
"서울특별시",강북구,번1동,386,64,152,77,75,69,*,65,101,82,19,414,69,166,81,85,78,*,74,101,87,14,445,78,167,81,86,86,*,82,114,99,15,423,69,162,67,95,87,*,83,105,96,9
"서울특별시",강북구,번2동,277,51,88,46,42,65,*,62,73,59,14,309,54,93,53,40,70,*,70,92,83,9,285,44,85,42,43,72,*,70,84,81,*,261,42,73,36,37,66,*,65,80,79,*
"서울특별시",강북구,번3동,287,45,75,45,30,71,*,67,96,94,*,312,48,79,45,34,80,*,76,105,102,*,287,41,68,37,31,73,*,71,105,101,*,303,42,75,40,35,83,*,82,103,99,*
"서울특별시",강북구,수유1동,416,62,136,59,77,98,*,98,120,106,14,461,78,145,73,72,110,*,109,128,116,12,476,72,147,69,78,116,*,112,141,127,14,448,72,136,58,78,109,5,104,131,114,17
"서울특별시",강북구,수유2동,295,48,90,38,52,67,*,64,90,81,9,350,52,98,46,52,75,*,71,125,109,16,356,57,106,48,58,80,6,74,113,106,7,360,55,109,45,64,89,6,83,107,102,5
"서울특별시",강북구,수유3동,482,68,174,82,92,80,*,76,160,143,17,461,74,166,82,84,88,6,82,133,115,18,471,69,170,74,96,98,8,90,134,120,14,500,75,181,79,102,105,9,96,139,129,10
"서울특별시",강북구,삼양동,439,77,132,76,56,95,*,94,135,125,10,416,78,127,80,47,96,*,96,115,111,*,446,74,135,82,53,107,*,106,130,125,5,431,71,129,67,62,112,*,111,119,108,11
"서울특별시",강북구,미아동,455,74,168,73,95,93,*,92,120,110,10,439,65,169,71,98,91,*,91,114,99,15,457,70,169,79,90,86,*,84,132,113,19,431,71,164,66,98,92,*,89,104,90,14
"서울특별시",강북구,송중동,511,65,207,90,117,84,*,80,155,118,37,507,68,202,88,114,99,*,96,138,109,29,532,69,201,91,110,105,*,101,157,129,28,489,64,192,84,108,105,8,97,128,108,20
"서울특별시",강북구,송천동,606,96,218,105,113,112,9,103,180,150,30,607,101,223,108,115,126,8,118,157,132,25,620,92,225,103,122,121,7,114,182,164,18,574,87,223,94,129,115,7,108,149,135,14
"서울특별시",강북구,삼각산동,384,63,116,67,49,75,*,73,130,119,11,384,69,122,73,49,79,*,76,114,105,9,373,75,119,71,48,78,*,76,101,94,7,355,72,118,63,55,75,*,72,90,79,11
"서울특별시",강북구,우이동,290,49,85,47,38,81,*,79,75,70,5,344,59,104,58,46,91,*,88,90,81,9,375,69,111,60,51,96,*,93,99,92,7,417,70,129,65,64,107,*,104,111,103,8
"서울특별시",강북구,인수동,584,86,179,89,90,145,*,142,174,158,16,633,94,194,94,100,162,6,156,183,162,21,639,101,191,93,98,159,7,152,188,167,21,603,103,185,89,96,140,7,133,175,166,9
"서울특별시",도봉구,소계,4387,688,1354,696,658,952,39,913,1393,1264,129,4526,682,1393,712,681,1035,52,983,1416,1284,132,4660,706,1437,702,735,1070,66,1004,1447,1307,140,4632,709,1442,691,751,1108,70,1038,1373,1238,135
"서울특별시",도봉구,쌍문1동,341,56,97,48,49,84,*,83,104,91,13,371,57,115,58,57,91,*,89,108,93,15,381,57,114,55,59,91,*,87,119,104,15,384,63,114,60,54,101,6,95,106,93,13
"서울특별시",도봉구,쌍문2동,324,50,101,48,53,71,*,68,102,90,12,324,56,102,50,52,71,*,68,95,82,13,324,56,102,52,50,79,*,76,87,72,15,338,59,105,53,52,86,*,84,88,80,8
"서울특별시",도봉구,쌍문3동,309,38,109,50,59,66,*,64,96,92,*,322,36,105,48,57,69,*,65,112,101,11,341,41,113,45,68,69,*,66,118,108,10,320,44,111,43,68,67,*,63,98,88,10
"서울특별시",도봉구,쌍문4동,164,27,42,20,22,45,*,43,50,45,5,166,25,42,21,21,49,*,47,50,47,*,148,24,42,21,21,47,*,43,35,34,*,151,21,45,24,21,48,*,44,37,35,*
"서울특별시",도봉구,방학1동,480,79,156,86,70,89,*,87,156,139,17,480,74,153,83,70,103,*,99,150,137,13,442,72,149,74,75,97,*,93,124,114,10,446,74,157,74,83,99,6,93,116,105,11
"서울특별시",도봉구,방학2동,428,64,147,62,85,97,11,86,120,109,11,447,62,147,62,85,111,13,98,127,113,14,463,59,149,63,86,112,14,98,143,127,16,458,63,150,63,87,119,16,103,126,112,14
"서울특별시",도봉구,방학3동,199,31,51,30,21,45,*,45,72,67,5,230,35,52,30,22,57,*,56,86,81,5,226,34,52,28,24,62,*,61,78,77,*,248,35,55,33,22,67,*,66,91,89,*
"서울특별시",도봉구,창1동,263,39,91,47,44,44,*,42,89,83,6,251,30,88,44,44,47,*,44,86,81,5,295,37,94,45,49,55,5,50,109,97,12,286,38,102,42,60,55,*,51,91,78,13
"서울특별시",도봉구,창2동,486,74,153,79,74,104,*,101,155,133,22,501,73,163,83,80,119,*,115,146,128,18,530,82,169,81,88,118,8,110,161,139,22,501,73,161,72,89,116,7,109,151,129,22
"서울특별시",도봉구,창3동,238,37,72,44,28,58,*,56,71,58,13,237,34,76,40,36,58,*,56,69,63,6,300,38,93,41,52,78,*,74,91,79,12,300,43,83,36,47,78,*,75,96,87,9
"서울특별시",도봉구,창4동,145,27,45,22,23,33,*,32,40,36,*,154,29,47,26,21,36,*,35,42,37,5,181,32,56,36,20,40,*,37,53,43,10,185,29,52,33,19,45,*,41,59,49,10
"서울특별시",도봉구,창5동,259,49,76,37,39,56,*,55,78,77,*,278,54,87,48,39,59,*,58,78,77,*,284,56,85,48,37,55,*,53,88,86,*,261,50,81,44,37,61,*,58,69,67,*
"서울특별시",도봉구,도봉1동,387,53,114,65,49,79,7,72,141,135,6,382,55,114,60,54,80,8,72,133,124,9,393,57,119,60,59,85,8,77,132,122,10,411,57,129,63,66,88,7,81,137,123,14
"서울특별시",도봉구,도봉2동,364,64,100,58,42,81,*,79,119,109,10,383,62,102,59,43,85,*,81,134,120,14,352,61,100,53,47,82,*,79,109,105,*,343,60,97,51,46,78,*,75,108,103,5
"서울특별시",노원구,소계,5533,913,1654,962,692,1175,44,1131,1791,1640,151,5646,939,1663,959,704,1308,56,1252,1736,1595,141,5921,997,1720,985,735,1313,68,1245,1891,1748,143,5924,1002,1743,960,783,1372,72,1300,1807,1672,135
"서울특별시",노원구,월계1동,247,41,79,36,43,54,*,51,73,68,5,278,44,83,42,41,64,*,60,87,78,9,324,55,98,55,43,67,7,60,104,95,9,322,49,101,45,56,73,8,65,99,92,7
"서울특별시",노원구,월계2동,428,79,125,78,47,95,*,94,129,114,15,447,85,131,83,48,107,*,105,124,117,7,485,79,148,81,67,124,*,122,134,126,8,456,76,142,73,69,117,*,114,121,113,8
"서울특별시",노원구,월계3동,462,90,140,91,49,85,*,84,147,137,10,447,84,140,86,54,99,*,96,124,118,6,436,89,140,86,54,93,5,88,114,108,6,439,87,133,83,50,97,*,94,122,116,6
"서울특별시",노원구,공릉2동,456,61,115,72,43,112,*,108,168,160,8,432,62,112,72,40,116,5,111,142,134,8,463,75,120,76,44,119,5,114,149,139,10,438,76,118,72,46,123,5,118,121,105,16
"서울특별시",노원구,하계1동,220,33,66,35,31,40,*,39,81,74,7,183,32,60,32,28,40,*,40,51,47,*,221,39,65,40,25,40,*,40,77,74,*,237,42,71,39,32,49,*,49,75,72,*
"서울특별시",노원구,하계2동,154,31,50,31,19,24,*,24,49,46,*,183,35,51,36,15,34,*,33,63,58,5,203,42,58,41,17,35,*,33,68,62,6,198,35,56,35,21,41,*,39,66,59,7
"서울특별시",노원구,중계본동,183,25,43,28,15,41,*,38,74,71,*,205,23,42,24,18,52,*,48,88,83,5,189,27,41,25,16,46,5,41,75,70,5,181,25,42,21,21,47,*,44,67,61,6
"서울특별시",노원구,중계1동,158,28,49,24,25,33,*,31,48,43,5,170,27,49,23,26,37,*,36,57,52,5,205,30,55,26,29,47,*,46,73,61,12,209,29,59,30,29,47,*,45,74,69,5
"서울특별시",노원구,중계4동,160,19,47,27,20,36,*,34,58,54,*,153,19,46,23,23,35,*,31,53,50,*,139,21,39,21,18,35,*,31,44,42,*,128,16,35,15,20,35,*,31,42,39,*
"서울특별시",노원구,상계1동,374,48,100,63,37,72,*,69,154,147,7,385,53,105,62,43,81,*,79,146,138,8,420,59,113,70,43,79,*,77,169,160,9,431,63,115,73,42,94,*,90,159,148,11
"서울특별시",노원구,상계2동,215,35,68,34,34,48,*,45,64,58,6,232,40,71,31,40,54,*,50,67,60,7,273,41,80,39,41,59,6,53,93,88,5,239,44,74,37,37,48,*,45,73,68,5
"서울특별시",노원구,상계5동,342,51,102,51,51,90,*,89,99,93,6,333,52,102,54,48,90,*,89,89,85,*,323,53,92,50,42,82,*,80,96,94,*,316,51,97,52,45,84,5,79,84,81,*
"서울특별시",노원구,상계8동,173,37,55,38,17,38,*,38,43,41,*,177,39,54,38,16,40,*,39,44,43,*,189,37,53,36,17,42,*,40,57,55,*,209,38,57,40,17,46,*,43,68,67,*
"서울특별시",노원구,상계9동,262,40,73,49,24,65,*,63,84,74,10,272,49,75,54,21,78,*,75,70,63,7,284,53,81,52,29,76,*,72,74,66,8,297,56,86,53,33,78,*,74,77,68,9
"서울특별시",노원구,상계10동,105,17,31,20,11,20,*,17,37,31,6,106,19,34,22,12,19,*,18,34,31,*,137,26,41,31,10,19,*,19,51,49,*,167,36,50,38,12,29,*,29,52,50,*
"서울특별시",노원구,상계3·4동,368,69,123,71,52,69,6,63,107,97,10,381,64,118,61,57,80,8,72,119,108,11,401,61,112,56,56,81,8,73,147,137,10,389,59,110,52,58,82,8,74,138,129,9
"서울특별시",노원구,상계6·7동,270,51,87,50,37,57,*,55,75,67,8,292,50,86,47,39,66,*,63,90,73,17,283,52,77,41,36,59,*,56,95,82,13,293,59,84,51,33,60,5,55,90,84,6
"서울특별시",노원구,중계2·3동,447,76,127,75,52,96,*,93,148,139,9,445,79,136,83,53,99,*,96,131,122,9,429,73,133,72,61,95,*,91,128,119,9,459,79,146,82,64,102,*,98,132,124,8
"서울특별시",노원구,공릉1동,509,82,174,89,85,100,*,96,153,126,27,525,83,168,86,82,117,6,111,157,135,22,517,85,174,87,87,115,6,109,143,121,22,516,82,167,69,98,120,6,114,147,127,20
"서울특별시",은평구,소계,7618,1184,2530,1250,1280,1647,80,1567,2257,1970,287,7927,1244,2599,1281,1318,1806,96,1710,2278,1978,300,8270,1378,2711,1323,1388,1840,102,1738,2341,2063,278,8250,1357,2732,1302,1430,1864,98,1766,2297,2041,256
"서울특별시",은평구,녹번동,555,85,201,100,101,112,5,107,157,142,15,632,102,240,121,119,137,8,129,153,134,19,659,113,235,121,114,137,6,131,174,155,19,650,119,236,126,110,132,*,128,163,145,18
"서울특별시",은평구,불광1동,544,82,184,91,93,120,6,114,158,137,21,610,91,197,99,98,144,10,134,178,155,23,650,102,211,110,101,152,9,143,185,161,24,599,98,202,92,110,137,7,130,162,150,12
"서울특별시",은평구,갈현1동,426,62,137,74,63,75,6,69,152,136,16,384,59,134,72,62,70,5,65,121,103,18,414,65,137,69,68,83,*,79,129,119,10,382,55,125,61,64,82,6,76,120,110,10
"서울특별시",은평구,갈현2동,534,78,182,88,94,105,6,99,169,146,23,566,83,185,81,104,114,7,107,184,152,32,582,92,204,92,112,107,9,98,179,149,30,545,86,198,80,118,113,10,103,148,124,24
"서울특별시",은평구,구산동,519,71,146,65,81,124,7,117,178,162,16,543,81,153,69,84,135,7,128,174,158,16,544,96,167,75,92,133,5,128,148,141,7,603,99,189,81,108,144,8,136,171,152,19
"서울특별시",은평구,대조동,557,84,209,96,113,95,*,92,169,133,36,535,80,197,80,117,102,*,100,156,126,30,535,87,188,76,112,110,*,107,150,123,27,551,86,197,79,118,112,*,109,156,130,26
"서울특별시",은평구,응암1동,429,71,151,55,96,101,*,98,106,93,13,433,77,146,51,95,109,*,107,101,87,14,499,91,183,78,105,111,*,108,114,105,9,600,108,206,96,110,147,7,140,139,129,10
"서울특별시",은평구,응암2동,422,65,128,68,60,104,6,98,125,105,20,454,75,145,77,68,123,9,114,111,89,22,528,87,164,83,81,136,11,125,141,120,21,522,82,162,85,77,131,9,122,147,133,14
"서울특별시",은평구,신사1동,438,70,133,68,65,108,*,104,127,112,15,474,80,146,81,65,115,8,107,133,114,19,480,84,149,79,70,115,7,108,132,111,21,456,76,142,73,69,115,7,108,123,107,16
"서울특별시",은평구,신사2동,272,43,82,46,36,63,*,60,84,75,9,271,44,78,42,36,70,*,68,79,68,11,293,47,85,46,39,69,*,66,92,82,10,277,43,79,43,36,70,*,67,85,78,7
"서울특별시",은평구,증산동,183,36,63,39,24,36,*,36,48,44,*,198,36,76,43,33,42,*,42,44,41,*,216,38,74,41,33,45,*,44,59,54,5,212,35,72,36,36,46,*,45,59,49,10
"서울특별시",은평구,수색동,152,31,53,30,23,38,*,37,30,26,*,106,20,31,21,10,29,*,28,26,23,*,104,23,30,20,10,29,*,28,22,18,*,151,30,47,28,19,35,*,34,39,32,7
"서울특별시",은평구,진관동,587,92,171,104,67,127,*,125,197,178,19,617,74,158,94,64,153,*,151,232,215,17,626,98,169,99,70,144,*,142,215,203,12,624,96,166,92,74,141,*,138,221,207,14
"서울특별시",은평구,불광2동,566,87,202,93,109,119,11,108,158,131,27,600,98,214,102,112,123,11,112,165,138,27,633,99,221,101,120,135,16,119,178,155,23,602,97,215,106,109,124,13,111,166,147,19
"서울특별시",은평구,응암3동,543,95,182,96,86,119,5,114,147,136,11,594,104,197,109,88,130,8,122,163,152,11,590,108,194,103,91,124,9,115,164,155,9,587,108,200,99,101,131,8,123,148,140,8
"서울특별시",은평구,역촌동,891,132,306,137,169,201,12,189,252,214,38,910,140,302,139,163,210,14,196,258,223,35,917,148,300,130,170,210,13,197,259,212,47,889,139,296,125,171,204,8,196,250,208,42
"서울특별시",서대문구,소계,4788,722,1642,872,770,924,45,879,1500,1324,176,5053,725,1707,904,803,1051,60,991,1570,1370,200,5292,880,1778,962,816,1082,55,1027,1552,1393,159,5286,871,1817,948,869,1119,59,1060,1479,1313,166
"서울특별시",서대문구,천연동,202,29,75,48,27,32,*,28,66,55,11,215,31,70,43,27,50,*,46,64,52,12,229,40,78,50,28,49,*,47,62,53,9,224,35,76,43,33,55,*,53,58,53,5
"서울특별시",서대문구,홍제1동,272,38,93,45,48,61,*,59,80,70,10,323,43,108,53,55,72,*,68,100,85,15,324,48,108,54,54,64,5,59,104,98,6,287,42,103,45,58,61,*,58,81,71,10
"서울특별시",서대문구,홍제3동,211,32,64,35,29,44,*,42,71,59,12,224,36,70,40,30,52,*,50,66,56,10,232,46,72,41,31,52,*,50,62,54,8,239,44,76,36,40,58,*,55,61,57,*
"서울특별시",서대문구,홍제2동,149,23,54,22,32,33,*,32,39,35,*,180,27,64,32,32,40,*,38,49,47,*,174,33,62,30,32,33,*,33,46,43,*,167,26,64,29,35,33,*,33,44,41,*
"서울특별시",서대문구,홍은1동,299,45,95,54,41,52,*,48,107,99,8,330,48,99,58,41,57,5,52,126,118,8,347,56,101,59,42,62,*,58,128,120,8,329,60,103,64,39,63,6,57,103,96,7
"서울특별시",서대문구,홍은2동,493,82,159,78,81,94,*,90,158,141,17,520,90,168,86,82,112,7,105,150,127,23,543,98,182,92,90,106,6,100,157,139,18,537,99,182,85,97,101,*,97,155,137,18
"서울특별시",서대문구,남가좌1동,269,41,93,54,39,58,*,55,77,66,11,278,34,98,59,39,65,*,61,81,71,10,287,49,108,61,47,69,*,67,61,52,9,306,48,104,56,48,81,*,78,73,56,17
"서울특별시",서대문구,남가좌2동,378,52,129,65,64,66,*,64,131,116,15,436,55,138,72,66,95,*,92,148,131,17,474,69,147,84,63,106,*,103,152,141,11,473,68,163,87,76,95,6,89,147,135,12
"서울특별시",서대문구,북가좌1동,308,53,87,52,35,73,*,71,95,89,6,300,42,88,48,40,77,*,74,93,84,9,306,54,86,49,37,79,*,78,87,75,12,303,56,82,46,36,91,*,90,74,67,7
"서울특별시",서대문구,북가좌2동,569,81,191,85,106,128,*,125,169,152,17,614,87,210,95,115,149,5,144,168,152,16,615,92,206,92,114,153,6,147,164,146,18,639,92,211,90,121,151,8,143,185,170,15
"서울특별시",서대문구,충현동,298,41,100,62,38,57,*,53,100,97,*,288,47,96,61,35,55,*,51,90,81,9,349,62,107,71,36,63,*,61,117,108,9,386,77,123,84,39,74,*,71,112,105,7
"서울특별시",서대문구,북아현동,298,47,117,68,49,42,*,38,92,70,22,291,36,110,58,52,44,*,41,101,78,23,294,50,108,56,52,47,*,43,89,74,15,291,48,110,58,52,52,*,48,81,67,14
"서울특별시",서대문구,신촌동,238,36,95,60,35,38,*,36,69,53,16,225,34,99,55,44,36,*,33,56,44,12,238,42,97,54,43,41,*,37,58,50,8,233,42,99,61,38,36,*,33,56,46,10
"서울특별시",서대문구,연희동,804,122,290,144,146,146,8,138,246,222,24,829,115,289,144,145,147,11,136,278,244,34,880,141,316,169,147,158,14,144,265,240,25,872,134,321,164,157,168,13,155,249,212,37
"서울특별시",마포구,소계,5670,919,1991,1149,842,1126,46,1080,1634,1426,208,5785,865,1980,1151,829,1269,58,1211,1671,1453,218,6008,1116,2073,1234,839,1246,58,1188,1573,1413,160,6042,1102,2073,1210,863,1268,50,1218,1599,1446,153
"서울특별시",마포구,용강동,362,67,112,86,26,72,*,69,111,100,11,339,55,107,76,31,84,*,82,93,82,11,402,83,128,96,32,99,*,95,92,85,7,399,85,125,97,28,103,5,98,86,79,7
"서울특별시",마포구,대흥동,234,28,97,43,54,42,*,38,67,47,20,249,31,98,46,52,50,5,45,70,53,17,223,44,92,48,44,42,*,41,45,43,*,237,45,97,50,47,47,*,45,48,43,5
"서울특별시",마포구,염리동,138,24,53,30,23,21,*,21,40,37,*,152,27,57,37,20,23,*,22,45,40,5,161,34,62,42,20,20,*,19,45,45,*,231,46,81,53,28,43,*,41,61,59,*
"서울특별시",마포구,신수동,241,40,78,55,23,51,*,48,72,67,5,248,38,84,59,25,58,5,53,68,63,5,273,61,91,65,26,55,*,53,66,57,9,247,50,80,49,31,60,*,56,57,53,*
"서울특별시",마포구,서교동,382,66,143,85,58,71,*,68,102,94,8,355,61,133,82,51,67,*,63,94,77,17,395,88,167,102,65,57,*,53,83,71,12,381,75,147,85,62,60,*,57,99,84,15
"서울특별시",마포구,합정동,293,48,111,60,51,52,6,46,82,70,12,291,57,111,70,41,58,5,53,65,62,*,298,66,113,67,46,52,*,48,67,62,5,292,61,111,63,48,51,*,47,69,64,5
"서울특별시",마포구,망원1동,421,67,146,72,74,88,*,85,120,100,20,450,65,152,76,76,110,6,104,123,104,19,454,76,153,77,76,100,7,93,125,114,11,429,73,145,78,67,83,5,78,128,119,9
"서울특별시",마포구,망원2동,319,41,116,51,65,73,*,71,89,81,8,332,45,121,51,70,76,*,75,90,79,11,367,58,128,61,67,78,*,77,103,90,13,403,62,132,65,67,86,*,84,123,115,8
"서울특별시",마포구,연남동,296,42,119,65,54,50,*,49,85,60,25,327,53,124,65,59,57,*,53,93,72,21,316,56,122,70,52,50,*,46,88,68,20,313,53,119,63,56,42,*,41,99,80,19
"서울특별시",마포구,성산1동,353,60,133,72,61,61,*,57,99,84,15,334,58,117,61,56,60,*,59,99,81,18,334,58,117,60,57,64,*,61,95,79,16,363,62,131,64,67,62,*,59,108,93,15
"서울특별시",마포구,성산2동,420,60,142,75,67,81,5,76,137,126,11,482,65,159,88,71,97,5,92,161,140,21,457,75,150,82,68,93,*,89,139,128,11,427,71,135,68,67,97,*,93,124,117,7
"서울특별시",마포구,상암동,539,88,155,100,55,144,5,139,152,140,12,533,74,140,88,52,152,8,144,167,162,5,577,94,159,103,56,150,9,141,174,161,13,581,103,170,109,61,156,6,150,152,142,10
"서울특별시",마포구,도화동,237,41,87,61,26,39,*,38,70,62,8,242,37,85,60,25,39,*,38,81,73,8,265,49,94,57,37,47,*,46,75,73,*,281,46,105,63,42,46,*,46,84,80,*
"서울특별시",마포구,서강동,296,50,101,56,45,53,*,51,92,86,6,284,46,95,56,39,59,*,57,84,80,*,280,53,95,57,38,60,*,56,72,68,*,325,65,109,72,37,64,*,61,87,80,7
"서울특별시",마포구,공덕동,692,107,240,133,107,134,*,132,211,180,31,707,96,242,136,106,162,*,159,207,176,31,720,131,241,146,95,157,*,154,191,176,15,661,113,231,134,97,150,*,147,167,148,19
"서울특별시",마포구,아현동,447,90,158,105,53,94,*,92,105,92,13,460,57,155,100,55,117,5,112,131,109,22,486,90,161,101,60,122,6,116,113,93,20,472,92,155,97,58,118,*,115,107,90,17
"서울특별시",양천구,소계,6846,973,2405,1089,1316,1417,104,1313,2051,1772,279,7139,993,2501,1139,1362,1545,114,1431,2100,1778,322,7076,1065,2544,1110,1434,1531,114,1417,1936,1688,248,7141,1085,2571,1111,1460,1584,128,1456,1901,1649,252
"서울특별시",양천구,목1동,262,39,70,43,27,78,*,75,75,66,9,288,35,76,52,24,82,*,78,95,87,8,300,51,85,54,31,80,5,75,84,80,*,290,54,84,57,27,81,5,76,71,68,*
"서울특별시",양천구,목2동,342,50,117,68,49,67,*,64,108,102,6,358,55,128,76,52,66,*,64,109,98,11,365,65,134,79,55,61,*,58,105,90,15,395,71,149,86,63,72,5,67,103,91,12
"서울특별시",양천구,목3동,346,58,131,54,77,72,6,66,85,68,17,357,52,137,57,80,81,11,70,87,72,15,355,57,140,60,80,83,13,70,75,66,9,372,63,143,63,80,82,11,71,84,66,18
"서울특별시",양천구,목4동,349,55,123,66,57,75,7,68,96,78,18,396,51,135,70,65,91,10,81,119,95,24,398,57,141,66,75,94,12,82,106,88,18,416,63,150,69,81,101,13,88,102,86,16
"서울특별시",양천구,신월1동,566,87,208,92,116,122,14,108,149,125,24,597,93,224,102,122,130,14,116,150,118,32,586,96,231,99,132,118,10,108,141,123,18,618,100,243,102,141,126,11,115,149,123,26
"서울특별시",양천구,신월2동,432,59,154,56,98,93,7,86,126,112,14,477,60,168,64,104,103,10,93,146,126,20,437,61,169,58,111,86,6,80,121,107,14,406,57,156,50,106,92,9,83,101,86,15
"서울특별시",양천구,신월3동,402,49,157,68,89,83,6,77,113,100,13,367,57,147,67,80,87,*,84,76,71,5,360,45,141,61,80,81,*,77,93,85,8,340,40,139,52,87,86,*,82,75,71,*
"서울특별시",양천구,신월4동,373,50,105,56,49,89,*,87,129,120,9,380,46,104,53,51,95,*,94,135,121,14,345,47,103,48,55,92,*,91,103,96,7,366,51,108,47,61,97,*,93,110,103,7
"서울특별시",양천구,신월5동,365,61,117,46,71,76,*,74,111,94,17,379,61,120,47,73,91,*,89,107,91,16,380,66,126,45,81,88,*,87,100,85,15,354,62,117,50,67,81,*,79,94,83,11
"서울특별시",양천구,신월6동,77,10,22,7,15,22,*,21,23,21,*,77,13,24,9,15,23,*,22,17,15,*,148,30,43,24,19,38,*,37,37,34,*,147,27,42,23,19,37,*,36,41,39,*
"서울특별시",양천구,신월7동,472,77,139,81,58,106,*,102,150,132,18,465,78,137,75,62,102,*,99,148,126,22,462,77,140,63,77,109,*,105,136,117,19,455,69,145,60,85,112,6,106,129,113,16
"서울특별시",양천구,신정1동,186,22,58,30,28,43,7,36,63,52,11,198,19,63,37,26,47,7,40,69,60,9,206,23,61,30,31,49,8,41,73,64,9,198,21,62,27,35,47,8,39,68,63,5
"서울특별시",양천구,신정2동,198,31,72,26,46,46,5,41,49,44,5,214,32,73,24,49,46,*,44,63,56,7,193,28,68,24,44,42,*,39,55,51,*,191,26,65,22,43,38,*,36,62,56,6
"서울특별시",양천구,신정3동,826,119,318,121,197,158,12,146,231,206,25,869,126,338,129,209,163,17,146,242,201,41,880,124,342,130,212,179,18,161,235,204,31,891,124,329,122,207,193,19,174,245,209,36
"서울특별시",양천구,신정6동,111,18,31,20,11,27,*,26,35,32,*,124,12,27,18,9,34,*,34,51,49,*,122,20,28,21,7,31,*,31,43,42,*,139,25,34,25,9,39,*,38,41,39,*
"서울특별시",양천구,신정7동,518,74,172,82,90,60,*,57,212,179,33,517,77,182,75,107,81,5,76,177,147,30,525,81,196,81,115,78,5,73,170,147,23,508,84,202,76,126,72,5,67,150,129,21
"서울특별시",양천구,목5동,201,23,43,25,18,52,*,51,83,81,*,233,24,50,29,21,66,*,64,93,90,*,213,34,46,28,18,60,*,58,73,71,*,222,40,52,37,15,62,*,60,68,66,*
"서울특별시",양천구,신정4동,820,91,368,148,220,148,20,128,213,160,53,843,102,368,155,213,157,20,137,216,155,61,801,103,350,139,211,162,18,144,186,138,48,833,108,351,143,208,166,20,146,208,158,50
"서울특별시",강서구,소계,10035,1478,3737,1688,2049,1963,98,1865,2857,2394,463,10291,1502,3763,1724,2039,2114,108,2006,2912,2423,489,10421,1634,3800,1718,2082,2122,121,2001,2865,2464,401,10469,1607,3844,1692,2152,2181,133,2048,2837,2431,406
"서울특별시",강서구,염창동,259,44,69,50,19,53,*,52,93,83,10,300,38,76,54,22,69,*,68,117,108,9,323,59,85,57,28,76,*,75,103,98,5,325,62,90,62,28,76,*,75,97,92,5
"서울특별시",강서구,등촌1동,225,40,77,49,28,44,*,42,64,55,9,241,39,72,46,26,50,*,49,80,71,9,269,53,101,64,37,48,*,45,67,61,6,255,47,95,55,40,50,*,47,63,55,8
"서울특별시",강서구,등촌2동,216,42,80,46,34,42,*,42,52,50,*,214,40,74,41,33,42,*,42,58,52,6,211,44,72,41,31,45,*,44,50,50,*,248,46,82,44,38,50,*,48,70,64,6
"서울특별시",강서구,등촌3동,491,72,185,79,106,85,*,81,149,133,16,495,81,183,85,98,98,6,92,133,120,13,541,96,202,99,103,94,*,90,149,137,12,485,82,184,80,104,87,5,82,132,119,13
"서울특별시",강서구,화곡본동,792,113,309,138,171,154,6,148,216,183,33,841,121,321,149,172,165,9,156,234,189,45,868,139,331,154,177,168,9,159,230,181,49,873,137,323,144,179,184,13,171,229,179,50
"서울특별시",강서구,화곡2동,532,66,221,75,146,109,5,104,136,102,34,537,66,216,83,133,114,7,107,141,106,35,520,65,211,74,137,106,13,93,138,110,28,489,58,198,62,136,104,11,93,129,106,23
"서울특별시",강서구,화곡3동,298,40,117,45,72,53,*,49,88,72,16,307,44,119,48,71,56,*,53,88,74,14,287,35,102,34,68,56,*,53,94,86,8,288,34,108,37,71,54,5,49,92,83,9
"서울특별시",강서구,화곡4동,590,84,242,104,138,104,8,96,160,119,41,624,84,249,104,145,117,6,111,174,118,56,591,89,229,93,136,122,5,117,151,121,30,552,80,216,84,132,112,9,103,144,112,32
"서울특별시",강서구,화곡6동,396,61,146,64,82,86,*,85,103,90,13,417,60,150,71,79,93,5,88,114,102,12,434,66,147,69,78,93,5,88,128,116,12,451,69,160,74,86,98,*,94,124,106,18
"서울특별시",강서구,화곡8동,678,98,289,118,171,124,12,112,167,113,54,666,95,289,116,173,130,15,115,152,104,48,657,94,274,101,173,130,15,115,159,125,34,701,93,276,93,183,142,17,125,190,152,38
"서울특별시",강서구,가양1동,285,53,90,56,34,60,*,59,82,75,7,301,47,92,55,37,62,*,60,100,95,5,308,62,108,72,36,45,*,45,93,88,5,314,59,117,74,43,52,*,50,86,81,5
"서울특별시",강서구,가양2동,295,55,87,41,46,58,*,56,95,83,12,277,50,80,40,40,57,*,55,90,82,8,260,52,77,42,35,53,*,50,78,75,*,248,52,78,39,39,51,*,49,67,64,*
"서울특별시",강서구,가양3동,362,67,127,74,53,55,*,54,113,98,15,405,76,138,79,59,62,*,61,129,111,18,367,71,122,67,55,56,*,55,118,102,16,349,66,120,61,59,50,*,49,113,103,10
"서울특별시",강서구,발산1동,487,84,132,72,60,137,*,135,134,127,7,500,77,139,75,64,143,*,140,141,132,9,517,79,141,75,66,147,*,143,150,142,8,515,83,136,72,64,146,*,144,150,138,12
"서울특별시",강서구,공항동,697,89,286,113,173,131,10,121,191,149,42,667,86,283,110,173,132,8,124,166,124,42,693,99,286,102,184,136,11,125,172,139,33,823,123,328,129,199,189,13,176,183,156,27
"서울특별시",강서구,방화1동,628,82,183,88,95,156,*,155,207,184,23,660,88,192,95,97,170,*,170,210,191,19,645,100,199,99,100,161,*,159,185,169,16,603,89,192,85,107,161,*,158,161,150,11
"서울특별시",강서구,방화2동,451,59,167,68,99,74,*,72,151,133,18,443,60,162,72,90,83,*,80,138,117,21,453,64,164,74,90,93,*,90,132,127,5,478,65,177,83,94,91,6,85,145,135,10
"서울특별시",강서구,방화3동,372,67,118,72,46,67,*,63,120,110,10,395,83,123,75,48,85,*,81,104,90,14,404,79,119,72,47,82,5,77,124,110,14,401,70,121,69,52,82,*,78,128,114,14
"서울특별시",강서구,화곡1동,1512,198,656,257,399,259,28,231,399,316,83,1586,220,684,264,420,278,26,252,404,310,94,1652,227,700,259,441,300,28,272,425,319,106,1629,225,705,268,437,287,26,261,412,312,100
"서울특별시",강서구,우장산동,469,64,156,79,77,112,*,108,137,119,18,415,47,121,62,59,108,6,102,139,127,12,421,61,130,70,60,111,5,106,119,108,11,442,67,138,77,61,115,*,111,122,110,12
"서울특별시",구로구,소계,18204,1552,8880,3047,5833,2538,419,2119,5234,2361,2873,19296,1591,9269,3209,6060,2821,474,2347,5615,2389,3226,18198,1668,9083,2717,6366,2924,528,2396,4523,2566,1957,18144,1629,9193,2623,6570,2944,561,2383,4378,2418,1960
"서울특별시",구로구,신도림동,432,66,149,86,63,82,5,77,135,118,17,388,46,136,65,71,98,5,93,108,97,11,459,65,146,74,72,118,8,110,130,108,22,461,69,162,85,77,120,9,111,110,93,17
"서울특별시",구로구,구로1동,262,40,89,44,45,61,6,55,72,63,9,309,45,109,57,52,70,*,67,85,77,8,348,53,125,65,60,81,7,74,89,85,*,332,48,112,59,53,80,8,72,92,87,5
"서울특별시",구로구,구로3동,1285,110,625,201,424,200,34,166,350,177,173,1390,126,690,240,450,226,46,180,348,163,185,1361,118,682,196,486,249,63,186,312,190,122,1441,129,721,198,523,253,63,190,338,194,144
"서울특별시",구로구,구로4동,2503,183,1305,428,877,285,61,224,730,231,499,2665,189,1358,444,914,309,79,230,809,226,583,2446,182,1330,348,982,325,88,237,609,229,380,2506,175,1375,349,1026,317,77,240,639,237,402
"서울특별시",구로구,구로5동,1785,117,992,295,697,232,66,166,444,207,237,1852,108,1001,309,692,254,60,194,489,208,281,1720,120,965,271,694,247,62,185,388,211,177,1709,111,954,243,711,255,69,186,389,192,197
"서울특별시",구로구,고척1동,366,41,156,56,100,83,8,75,86,72,14,387,46,162,59,103,87,9,78,92,71,21,407,47,169,57,112,84,8,76,107,85,22,354,45,156,51,105,77,9,68,76,55,21
"서울특별시",구로구,고척2동,728,87,328,123,205,145,13,132,168,119,49,740,87,327,119,208,156,16,140,170,117,53,709,88,308,99,209,150,18,132,163,138,25,724,79,323,101,222,152,19,133,170,140,30
"서울특별시",구로구,개봉2동,751,80,332,104,228,140,18,122,199,145,54,758,81,322,103,219,132,11,121,223,165,58,764,92,317,95,222,133,8,125,222,178,44,707,89,318,81,237,123,8,115,177,141,36
"서울특별시",구로구,개봉3동,638,74,257,85,172,107,8,99,200,141,59,629,71,267,93,174,114,8,106,177,133,44,623,66,273,91,182,120,16,104,164,119,45,615,65,257,77,180,116,16,100,177,131,46
"서울특별시",구로구,오류1동,659,87,296,117,179,112,9,103,164,112,52,707,85,319,123,196,128,16,112,175,125,50,779,98,341,122,219,136,21,115,204,149,55,761,97,346,116,230,137,24,113,181,133,48
"서울특별시",구로구,수궁동,485,61,194,63,131,92,*,88,138,104,34,558,74,224,72,152,107,5,102,153,110,43,564,74,233,68,165,101,6,95,156,118,38,606,79,254,75,179,111,7,104,162,123,39
"서울특별시",구로구,가리봉동,1862,109,945,384,561,120,25,95,688,117,571,1838,93,904,366,538,119,36,83,722,97,625,1434,86,814,266,548,110,27,83,424,104,320,1376,83,794,264,530,118,36,82,381,96,285
"서울특별시",구로구,구로2동,4242,238,2274,742,1532,442,120,322,1288,323,965,4365,224,2318,769,1549,452,131,321,1371,308,1063,3725,239,2163,576,1587,442,131,311,881,336,545,3669,234,2184,556,1628,452,148,304,799,286,513
"서울특별시",구로구,개봉1동,947,107,427,151,276,158,13,145,255,175,80,1007,112,445,166,279,178,12,166,272,172,100,1061,120,465,156,309,201,14,187,275,195,80,1074,117,484,151,333,203,18,185,270,185,85
"서울특별시",구로구,오류2동,1259,152,511,168,343,279,29,250,317,257,60,1703,204,687,224,463,391,37,354,421,320,101,1327,156,581,166,415,290,37,253,300,242,58,1296,140,566,149,417,282,38,244,308,231,77
"서울특별시",구로구,항동,-,-,-,-,-,-,-,-,-,-,-,-,-,-,-,-,-,-,-,-,-,-,471,64,171,67,104,137,14,123,99,79,20,513,69,187,68,119,148,12,136,109,94,15
"서울특별시",금천구,소계,10911,1001,5468,1985,3483,1539,243,1296,2903,1459,1444,11428,1036,5655,2093,3562,1729,287,1442,3008,1444,1564,10773,1024,5458,1729,3729,1783,324,1459,2508,1530,978,10954,1058,5498,1699,3799,1834,343,1491,2564,1536,1028
"서울특별시",금천구,가산동,1161,88,616,222,394,117,19,98,340,125,215,1216,90,620,224,396,144,23,121,362,134,228,1067,93,577,181,396,132,20,112,265,133,132,1039,101,576,175,401,133,23,110,229,126,103
"서울특별시",금천구,독산1동,1199,114,598,240,358,182,27,155,305,171,134,1391,138,665,262,403,219,38,181,369,169,200,1413,157,697,240,457,228,42,186,331,195,136,1554,163,753,251,502,263,47,216,375,230,145
"서울특별시",금천구,독산2동,1241,98,619,229,390,174,28,146,350,159,191,1248,104,606,235,371,187,34,153,351,153,198,1196,113,597,201,396,199,43,156,287,156,131,1177,118,588,199,389,191,40,151,280,162,118
"서울특별시",금천구,독산3동,2419,174,1271,443,828,298,65,233,676,241,435,2497,171,1328,481,847,322,78,244,676,235,441,2243,156,1248,368,880,336,94,242,503,240,263,2247,167,1228,355,873,342,96,246,510,239,271
"서울특별시",금천구,독산4동,1202,114,659,217,442,140,27,113,289,139,150,1262,111,684,236,448,170,32,138,297,143,154,1103,93,608,179,429,172,36,136,230,145,85,1111,94,597,176,421,171,35,136,249,126,123
"서울특별시",금천구,시흥1동,1465,137,769,268,501,203,34,169,356,188,168,1573,156,798,298,500,224,34,190,395,194,201,1415,145,722,224,498,231,35,196,317,210,107,1439,143,720,220,500,236,39,197,340,206,134
"서울특별시",금천구,시흥2동,400,53,134,53,81,77,*,73,136,114,22,391,53,129,51,78,84,*,80,125,108,17,424,50,149,51,98,91,8,83,134,117,17,434,49,148,50,98,92,9,83,145,122,23
"서울특별시",금천구,시흥3동,280,38,110,49,61,49,5,44,83,73,10,278,34,107,45,62,61,8,53,76,68,8,304,40,122,52,70,65,7,58,77,66,11,310,42,116,44,72,72,8,64,80,64,16
"서울특별시",금천구,시흥4동,882,96,385,144,241,172,18,154,229,156,73,854,91,381,141,240,175,15,160,207,141,66,865,86,394,118,276,173,18,155,212,156,56,901,83,419,122,297,174,23,151,225,170,55
"서울특별시",금천구,시흥5동,662,89,307,120,187,127,16,111,139,93,46,718,88,337,120,217,143,21,122,150,99,51,743,91,344,115,229,156,21,135,152,112,40,742,98,353,107,246,160,23,137,131,91,40
"서울특별시",영등포구,소계,17329,1301,8253,2941,5312,2025,461,1564,5750,1832,3918,18150,1293,8282,3107,5175,2188,483,1705,6387,1828,4559,15457,1386,7769,2428,5341,2266,514,1752,4036,1791,2245,15440,1389,7720,2367,5353,2307,542,1765,4024,1732,2292
"서울특별시",영등포구,여의동,374,61,105,82,23,68,*,66,140,132,8,386,33,102,81,21,100,*,98,151,137,14,383,62,102,80,22,95,*,93,124,120,*,367,61,98,78,20,94,*,92,114,104,10
"서울특별시",영등포구,당산1동,383,58,190,82,108,45,*,44,90,80,10,384,67,183,87,96,43,*,42,91,77,14,391,64,172,75,97,57,*,55,98,77,21,386,57,175,73,102,59,*,56,95,74,21
"서울특별시",영등포구,당산2동,408,55,167,84,83,60,5,55,126,96,30,420,46,163,82,81,68,6,62,143,114,29,398,64,150,70,80,72,*,69,112,90,22,425,66,164,76,88,80,5,75,115,104,11
"서울특별시",영등포구,양평1동,271,49,109,56,53,53,*,50,60,50,10,273,53,111,57,54,62,*,61,47,41,6,249,56,94,56,38,54,*,54,45,39,6,244,48,95,51,44,54,*,53,47,41,6
"서울특별시",영등포구,양평2동,260,51,95,57,38,44,*,44,70,65,5,277,48,95,55,40,59,*,59,75,70,5,293,59,103,64,39,61,*,61,70,67,*,300,59,100,61,39,64,*,64,77,72,5
"서울특별시",영등포구,신길1동,1053,83,568,175,393,139,38,101,263,91,172,1105,85,560,192,368,142,41,101,318,82,236,946,98,512,150,362,140,36,104,196,86,110,929,94,500,139,361,139,40,99,196,80,116
"서울특별시",영등포구,신길3동,835,60,383,142,241,137,35,102,255,83,172,927,75,417,160,257,161,37,124,274,77,197,785,71,386,117,269,155,36,119,173,79,94,729,65,373,100,273,149,28,121,142,77,65
"서울특별시",영등포구,신길4동,527,35,262,79,183,64,19,45,166,71,95,560,38,258,91,167,71,20,51,193,62,131,481,39,248,61,187,67,20,47,127,63,64,524,44,267,71,196,78,23,55,135,59,76
"서울특별시",영등포구,신길5동,909,60,451,163,288,93,23,70,305,64,241,865,55,410,160,250,88,24,64,312,61,251,736,68,388,117,271,107,21,86,173,74,99,702,74,361,108,253,107,21,86,160,60,100
"서울특별시",영등포구,신길6동,702,43,362,120,242,86,20,66,211,90,121,740,47,379,136,243,86,25,61,228,84,144,629,51,339,100,239,86,24,62,153,97,56,646,60,331,97,234,96,22,74,159,103,56
"서울특별시",영등포구,신길7동,234,25,107,46,61,28,*,26,74,40,34,275,26,106,39,67,43,5,38,100,62,38,272,35,112,37,75,56,8,48,69,55,14,304,36,112,43,69,63,10,53,93,58,35
"서울특별시",영등포구,대림1동,1514,80,773,236,537,162,47,115,499,115,384,1567,92,755,245,510,162,41,121,558,125,433,1415,93,782,209,573,202,58,144,338,132,206,1539,90,797,219,578,225,79,146,427,130,297
"서울특별시",영등포구,대림2동,3885,172,1823,592,1231,306,113,193,1584,201,1383,4050,169,1832,635,1197,307,111,196,1742,203,1539,2965,150,1625,413,1212,312,117,195,878,196,682,3019,149,1623,401,1222,305,125,180,942,188,754
"서울특별시",영등포구,대림3동,2326,153,1155,404,751,288,74,214,730,205,525,2601,157,1208,422,786,325,77,248,911,200,711,2289,149,1159,342,817,325,92,233,656,188,468,2133,144,1131,309,822,313,91,222,545,171,374
"서울특별시",영등포구,영등포본동,1385,98,708,256,452,128,37,91,451,144,307,1383,95,696,264,432,137,46,91,455,126,329,1148,95,631,203,428,141,44,97,281,120,161,1149,99,630,204,426,153,42,111,267,123,144
"서울특별시",영등포구,영등포동,452,54,192,80,112,73,5,68,133,105,28,466,55,207,94,113,71,*,67,133,103,30,471,66,212,95,117,73,6,67,120,93,27,482,79,212,95,117,80,8,72,111,85,26
"서울특별시",영등포구,도림동,1472,107,693,232,461,165,32,133,507,124,383,1546,106,690,253,437,176,38,138,574,132,442,1228,106,629,175,454,165,40,125,328,136,192,1163,92,614,166,448,149,39,110,308,128,180
"서울특별시",영등포구,문래동,339,57,110,55,55,86,5,81,86,76,10,325,46,110,54,56,87,*,83,82,72,10,378,60,125,64,61,98,5,93,95,79,16,399,72,137,76,61,99,*,96,91,75,16
"서울특별시",동작구,소계,6536,812,2698,1119,1579,1063,92,971,1963,1428,535,6595,763,2628,1096,1532,1189,101,1088,2015,1503,512,6405,879,2567,1011,1556,1198,104,1094,1761,1493,268,6315,877,2553,979,1574,1189,110,1079,1696,1437,259
"서울특별시",동작구,노량진2동,431,41,237,80,157,48,6,42,105,65,40,397,38,216,69,147,52,9,43,91,58,33,369,39,200,60,140,45,6,39,85,59,26,281,23,160,42,118,32,8,24,66,49,17
"서울특별시",동작구,상도1동,437,69,144,78,66,96,*,96,128,115,13,443,60,142,78,64,97,*,96,144,123,21,463,71,146,74,72,108,*,105,138,125,13,441,70,148,71,77,99,*,96,124,117,7
"서울특별시",동작구,상도2동,412,63,165,80,85,85,5,80,99,76,23,431,54,158,67,91,93,6,87,126,106,20,399,59,151,58,93,88,*,84,101,91,10,373,56,130,47,83,91,*,87,96,89,7
"서울특별시",동작구,상도3동,490,72,198,78,120,90,*,86,130,107,23,499,67,187,71,116,90,6,84,155,125,30,461,70,176,66,110,86,8,78,129,109,20,494,74,186,65,121,95,5,90,139,113,26
"서울특별시",동작구,상도4동,508,71,200,87,113,86,10,76,151,124,27,524,69,213,89,124,99,12,87,143,115,28,535,75,212,85,127,101,9,92,147,137,10,535,76,217,85,132,111,14,97,131,120,11
"서울특별시",동작구,사당1동,427,52,197,70,127,62,6,56,116,84,32,443,52,196,73,123,74,7,67,121,89,32,450,68,194,75,119,70,5,65,118,106,12,437,74,186,80,106,63,6,57,114,100,14
"서울특별시",동작구,사당3동,322,43,105,60,45,60,*,59,114,94,20,305,47,95,55,40,69,*,69,94,81,13,303,53,95,56,39,73,*,71,82,76,6,335,57,105,60,45,81,*,79,92,86,6
"서울특별시",동작구,사당4동,224,29,88,43,45,38,*,34,69,61,8,213,29,77,38,39,40,*,37,67,59,8,204,29,71,34,37,40,*,37,64,60,*,220,32,69,32,37,43,*,39,76,72,*
"서울특별시",동작구,사당5동,163,19,59,29,30,36,*,32,49,43,6,173,23,65,34,31,42,5,37,43,38,5,194,32,68,36,32,47,*,44,47,45,*,203,34,72,39,33,47,*,45,50,46,*
"서울특별시",동작구,대방동,459,60,182,77,105,86,6,80,131,114,17,478,60,174,80,94,104,5,99,140,113,27,513,78,181,80,101,121,13,108,133,116,17,485,69,176,71,105,112,13,99,128,115,13
"서울특별시",동작구,신대방1동,1160,78,583,186,397,127,30,97,372,125,247,1164,80,580,188,392,142,28,114,362,137,225,1018,79,570,147,423,128,31,97,241,121,120,977,77,571,144,427,123,35,88,206,90,116
"서울특별시",동작구,신대방2동,341,42,119,51,68,59,*,58,121,98,23,310,40,103,47,56,62,*,59,105,93,12,297,42,103,40,63,64,*,61,88,83,5,301,45,111,42,69,60,*,58,85,77,8
"서울특별시",동작구,흑석동,345,51,112,66,46,63,*,60,119,106,13,374,46,121,75,46,76,*,74,131,123,8,400,70,118,79,39,82,*,81,130,123,7,413,78,131,82,49,83,*,81,121,114,7
"서울특별시",동작구,노량진1동,388,60,137,57,80,60,9,51,131,120,11,400,46,131,54,77,70,8,62,153,141,12,389,56,122,54,68,68,6,62,143,136,7,410,57,131,59,72,74,6,68,148,142,6
"서울특별시",동작구,사당2동,429,62,172,77,95,67,*,64,128,96,32,441,52,170,78,92,79,6,73,140,102,38,410,58,160,67,93,77,7,70,115,106,9,410,55,160,60,100,75,*,71,120,107,13
"서울특별시",관악구,소계,11072,1267,5031,1960,3071,1757,221,1536,3017,2077,940,11273,1301,5021,1988,3033,1860,231,1629,3091,2045,1046,10633,1318,4739,1672,3067,1858,248,1610,2718,2140,578,10447,1277,4665,1577,3088,1870,262,1608,2635,2082,553
"서울특별시",관악구,보라매동,535,65,249,86,163,92,10,82,129,88,41,558,63,239,92,147,100,14,86,156,102,54,505,70,214,76,138,102,14,88,119,103,16,475,66,202,67,135,96,13,83,111,95,16
"서울특별시",관악구,청림동,199,33,62,35,27,45,*,42,59,55,*,192,21,54,26,28,51,*,48,66,63,*,216,29,60,34,26,53,5,48,74,54,20,224,30,61,37,24,53,5,48,80,66,14
"서울특별시",관악구,행운동,412,53,174,83,91,60,*,60,125,94,31,396,56,162,71,91,60,*,59,118,91,27,385,59,164,71,93,57,*,54,105,83,22,389,53,166,71,95,58,*,56,112,89,23
"서울특별시",관악구,낙성대동,263,39,101,59,42,48,5,43,75,57,18,299,43,112,65,47,63,6,57,81,65,16,268,45,100,55,45,49,*,45,74,67,7,245,37,97,52,45,46,*,42,65,56,9
"서울특별시",관악구,중앙동,284,35,137,52,85,46,5,41,66,55,11,309,40,138,57,81,48,*,44,83,65,18,271,38,123,45,78,47,*,45,63,57,6,251,33,114,34,80,43,*,41,61,52,9
"서울특별시",관악구,인헌동,394,68,131,76,55,78,5,73,117,101,16,359,63,128,73,55,74,*,71,94,86,8,366,61,121,65,56,78,6,72,106,100,6,354,61,120,63,57,75,5,70,98,91,7
"서울특별시",관악구,남현동,232,34,91,43,48,46,*,42,61,55,6,249,35,105,51,54,41,*,39,68,61,7,290,43,107,55,52,44,*,41,96,91,5,269,43,104,50,54,39,*,36,83,77,6
"서울특별시",관악구,서원동,533,64,248,108,140,72,7,65,149,106,43,535,69,249,104,145,85,10,75,132,94,38,513,70,233,95,138,70,10,60,140,118,22,526,74,233,97,136,82,9,73,137,116,21
"서울특별시",관악구,신원동,614,59,329,106,223,76,20,56,150,91,59,645,61,333,116,217,82,18,64,169,90,79,601,58,310,93,217,90,23,67,143,95,48,573,54,302,85,217,90,24,66,127,90,37
"서울특별시",관악구,서림동,397,62,138,66,72,84,5,79,113,105,8,428,67,151,69,82,85,*,81,125,114,11,404,62,138,59,79,89,*,85,115,102,13,389,58,138,52,86,90,6,84,103,88,15
"서울특별시",관악구,신사동,1598,119,879,296,583,203,45,158,397,148,249,1579,125,862,293,569,194,45,149,398,130,268,1334,109,782,201,581,188,51,137,255,143,112,1371,107,793,207,586,202,60,142,269,148,121
"서울특별시",관악구,신림동,343,38,182,65,117,28,*,28,95,52,43,325,35,185,66,119,26,*,25,79,47,32,331,39,172,56,116,27,*,25,93,64,29,317,35,156,51,105,29,*,29,97,79,18
"서울특별시",관악구,난향동,330,45,101,46,55,76,6,70,108,97,11,348,44,100,47,53,86,7,79,118,97,21,320,46,96,42,54,83,6,77,95,85,10,325,45,99,43,56,88,7,81,93,80,13
"서울특별시",관악구,조원동,955,65,575,187,388,109,31,78,206,92,114,993,65,552,186,366,116,30,86,260,96,164,834,73,481,123,358,117,27,90,163,88,75,816,73,490,128,362,110,25,85,143,84,59
"서울특별시",관악구,대학동,182,24,74,37,37,30,*,28,54,52,*,207,27,77,43,34,37,*,33,66,58,8,196,28,79,42,37,31,*,30,58,52,6,213,30,79,37,42,39,*,37,65,62,*
"서울특별시",관악구,은천동,686,82,293,103,190,103,12,91,208,167,41,683,90,279,109,170,111,12,99,203,152,51,635,88,264,94,170,96,8,88,187,148,39,593,78,256,78,178,102,10,92,157,128,29
"서울특별시",관악구,성현동,514,75,180,76,104,105,*,101,154,127,27,516,76,190,83,107,111,6,105,139,113,26,513,79,188,76,112,119,8,111,127,110,17,535,75,192,79,113,124,9,115,144,125,19
"서울특별시",관악구,청룡동,633,56,312,130,182,87,18,69,178,99,79,652,65,305,139,166,91,16,75,191,113,78,624,73,299,109,190,100,17,83,152,123,29,635,79,289,103,186,106,23,83,161,127,34
"서울특별시",관악구,난곡동,770,113,308,120,188,159,16,143,190,151,39,791,115,321,129,192,160,14,146,195,150,45,794,107,315,120,195,168,16,152,204,174,30,768,109,293,99,194,159,15,144,207,175,32
"서울특별시",관악구,삼성동,422,51,128,51,77,83,*,82,160,136,24,397,58,126,43,83,92,*,88,121,107,14,445,62,143,46,97,98,8,90,142,125,17,415,57,134,41,93,90,6,84,134,115,19
"서울특별시",관악구,미성동,776,87,339,135,204,127,22,105,223,149,74,812,83,353,126,227,147,27,120,229,151,78,788,79,350,115,235,152,30,122,207,158,49,764,80,347,103,244,149,32,117,188,139,49
"서울특별시",서초구,소계,5062,712,1434,933,501,1063,28,1035,1853,1730,123,5330,550,1421,940,481,1338,35,1303,2021,1889,132,5707,902,1537,1047,490,1452,35,1417,1816,1715,101,5778,931,1586,1104,482,1503,36,1467,1758,1653,105
"서울특별시",서초구,서초1동,217,36,65,47,18,47,*,44,69,61,8,242,25,65,42,23,63,*,61,89,80,9,238,46,70,50,20,61,*,58,61,58,*,242,43,69,49,20,58,*,57,72,67,5
"서울특별시",서초구,서초2동,160,36,56,44,12,22,*,21,46,43,*,165,24,48,39,9,37,*,36,56,55,*,209,44,61,47,14,54,*,53,50,49,*,272,63,88,71,17,72,*,71,49,46,*
"서울특별시",서초구,서초3동,357,48,95,71,24,66,*,66,148,143,5,333,34,88,61,27,73,*,73,138,127,11,388,56,98,74,24,83,*,83,151,142,9,419,59,117,82,35,86,*,85,157,140,17
"서울특별시",서초구,서초4동,358,47,80,57,23,77,*,76,154,143,11,350,23,74,60,14,99,*,98,154,144,10,379,65,92,72,20,112,*,111,110,100,10,399,61,95,73,22,117,*,114,126,121,5
"서울특별시",서초구,잠원동,335,51,92,67,25,70,*,69,122,116,6,357,40,91,71,20,97,*,96,129,124,5,339,51,84,63,21,94,*,93,110,106,*,352,55,90,66,24,100,*,99,107,100,7
"서울특별시",서초구,반포본동,53,6,14,12,*,7,*,7,26,25,*,52,*,12,11,*,11,*,11,25,24,*,91,13,19,13,6,28,*,28,31,30,*,40,6,9,8,*,10,*,10,15,15,*
"서울특별시",서초구,반포1동,323,42,109,64,45,65,*,62,107,88,19,420,36,129,76,53,106,5,101,149,135,14,448,70,139,79,60,117,5,112,122,110,12,438,70,141,85,56,109,*,105,118,110,8
"서울특별시",서초구,반포2동,280,36,57,44,13,71,*,71,116,115,*,286,19,56,43,13,83,*,82,128,117,11,318,42,65,52,13,102,*,100,109,102,7,319,39,59,48,11,111,*,109,110,102,8
"서울특별시",서초구,반포3동,121,18,38,26,12,16,*,16,49,49,*,142,14,40,30,10,28,*,28,60,59,*,200,28,54,45,9,48,*,48,70,69,*,211,34,56,46,10,55,*,55,66,65,*
"서울특별시",서초구,반포4동,348,40,83,62,21,81,*,80,144,140,*,325,28,69,55,14,92,*,88,136,132,*,397,57,86,75,11,101,*,98,153,147,6,407,61,91,79,12,111,*,110,144,140,*
"서울특별시",서초구,방배본동,217,34,61,40,21,44,*,43,78,76,*,259,30,65,46,19,59,*,59,105,103,*,281,45,78,54,24,69,*,69,89,82,7,319,51,86,62,24,85,*,85,97,95,*
"서울특별시",서초구,방배1동,234,33,69,42,27,46,*,42,86,81,5,289,31,79,54,25,70,*,67,109,102,7,266,46,75,55,20,65,*,63,80,78,*,240,43,73,54,19,55,*,53,69,64,5
"서울특별시",서초구,방배2동,241,35,82,43,39,50,*,49,74,63,11,245,32,82,38,44,60,*,57,71,62,9,239,39,85,40,45,55,*,51,60,54,6,249,46,89,44,45,62,*,59,52,47,5
"서울특별시",서초구,방배3동,212,26,70,46,24,33,*,33,83,77,6,223,24,68,45,23,44,*,44,87,82,5,237,37,65,41,24,46,*,46,89,84,5,193,35,48,41,7,49,*,47,61,59,*
"서울특별시",서초구,방배4동,323,35,87,55,32,67,*,65,134,123,11,312,19,76,53,23,79,*,75,138,133,5,378,57,97,71,26,87,*,85,137,135,*,338,56,90,72,18,84,*,82,108,105,*
"서울특별시",서초구,양재1동,662,92,187,98,89,163,*,160,220,198,22,720,86,199,111,88,186,*,183,249,224,25,662,107,191,110,81,177,5,172,187,173,14,709,111,198,117,81,189,6,183,211,190,21
"서울특별시",서초구,양재2동,321,52,103,55,48,66,6,60,100,95,5,324,54,103,57,46,73,6,67,94,87,7,313,57,96,54,42,64,5,59,96,90,6,292,53,99,55,44,58,6,52,82,79,*
"서울특별시",서초구,내곡동,300,45,86,60,26,72,*,71,97,94,*,286,27,77,48,29,78,*,77,104,99,5,324,42,82,52,30,89,*,88,111,106,5,339,45,88,52,36,92,*,91,114,108,6
"서울특별시",강남구,소계,5848,804,1665,1075,590,1197,39,1158,2182,2034,148,6027,595,1620,1058,562,1436,32,1404,2376,2236,140,6432,994,1732,1176,556,1554,39,1515,2152,2017,135,6386,993,1739,1172,567,1598,49,1549,2056,1931,125
"서울특별시",강남구,신사동,213,36,68,49,19,40,*,40,69,68,*,224,20,61,48,13,54,*,54,89,87,*,262,46,72,57,15,64,*,64,80,79,*,275,43,69,51,18,70,*,70,93,90,*
"서울특별시",강남구,논현1동,322,44,117,72,45,48,6,42,113,94,19,370,52,133,79,54,57,*,53,128,108,20,319,54,120,70,50,41,*,37,104,91,13,326,53,125,74,51,51,*,47,97,83,14
"서울특별시",강남구,논현2동,330,45,98,69,29,62,*,59,125,115,10,319,23,88,64,24,73,*,72,135,129,6,310,51,90,67,23,73,*,69,96,92,*,304,51,86,65,21,78,*,75,89,83,6
"서울특별시",강남구,삼성1동,163,19,39,25,14,37,*,37,68,65,*,176,14,36,24,12,42,*,42,84,81,*,182,23,40,27,13,42,*,42,77,73,*,188,30,45,36,9,47,*,47,66,63,*
"서울특별시",강남구,삼성2동,329,45,86,65,21,79,*,78,119,114,5,379,27,89,69,20,102,*,101,161,155,6,420,70,112,86,26,109,*,106,129,116,13,400,67,105,81,24,109,5,104,119,110,9
"서울특별시",강남구,대치1동,179,20,39,26,13,46,*,45,74,70,*,188,13,36,27,9,54,*,54,85,81,*,213,28,43,33,10,66,*,66,76,71,5,189,23,38,28,10,62,*,62,66,62,*
"서울특별시",강남구,대치4동,194,29,68,42,26,31,*,30,66,55,11,195,28,61,36,25,35,*,33,71,59,12,188,38,67,42,25,35,*,32,48,39,9,193,31,70,42,28,34,*,33,58,56,*
"서울특별시",강남구,역삼1동,393,57,143,94,49,61,*,58,132,118,14,406,46,131,84,47,73,*,69,156,142,14,446,68,153,96,57,72,*,69,153,142,11,441,64,151,103,48,73,*,70,153,144,9
"서울특별시",강남구,역삼2동,330,47,90,56,34,67,*,66,126,114,12,310,30,94,59,35,72,*,70,114,106,8,332,52,97,67,30,83,*,80,100,97,*,296,42,84,51,33,85,*,82,85,82,*
"서울특별시",강남구,도곡1동,215,26,60,43,17,42,*,41,87,81,6,239,20,62,42,20,58,*,57,99,92,7,232,40,56,44,12,57,*,57,79,77,*,271,43,70,50,20,64,*,63,94,90,*
"서울특별시",강남구,도곡2동,376,54,88,64,24,88,*,85,146,139,7,376,26,81,61,20,112,*,110,157,151,6,472,61,91,70,21,140,*,138,180,172,8,440,69,94,72,22,135,*,132,142,133,9
"서울특별시",강남구,개포1동,84,12,27,14,13,12,*,12,33,31,*,64,6,19,10,9,9,*,9,30,29,*,66,10,22,12,10,12,*,12,22,22,*,74,12,24,14,10,14,*,14,24,24,*
"서울특별시",강남구,개포4동,208,31,65,34,31,56,*,54,56,55,*,209,27,65,35,30,54,*,53,63,59,*,227,38,67,41,26,62,*,61,60,55,5,277,52,85,51,34,70,*,69,70,68,*
"서울특별시",강남구,일원본동,124,18,29,19,10,23,*,23,54,51,*,117,9,19,12,7,41,*,39,48,46,*,163,22,34,26,8,42,*,41,65,60,5,166,23,37,31,6,44,*,43,62,58,*
"서울특별시",강남구,일원1동,203,40,77,41,36,44,*,43,42,39,*,258,53,86,49,37,61,*,59,58,56,*,269,54,81,45,36,70,*,67,64,56,8,241,50,75,41,34,57,*,54,59,52,7
"서울특별시",강남구,일원2동,152,20,34,25,9,30,*,30,68,67,*,160,21,36,20,16,36,*,36,67,65,*,155,29,41,21,20,40,*,40,45,43,*,150,28,42,22,20,35,*,35,45,44,*
"서울특별시",강남구,수서동,233,40,63,40,23,49,*,47,81,77,*,205,31,55,35,20,51,*,50,68,64,*,214,36,58,37,21,52,*,49,68,63,5,202,39,58,34,24,50,*,48,55,49,6
"서울특별시",강남구,세곡동,611,77,159,87,72,161,6,155,214,202,12,623,64,154,83,71,180,6,174,225,216,9,657,92,167,99,68,180,5,175,218,212,6,594,80,151,80,71,165,5,160,198,190,8
"서울특별시",강남구,압구정동,454,56,118,80,38,73,*,73,207,197,10,420,29,107,74,33,96,*,96,188,181,7,448,72,106,80,26,108,*,108,162,154,8,444,68,102,82,20,108,*,108,166,153,13
"서울특별시",강남구,청담동,492,57,127,85,42,98,7,91,210,195,15,467,38,127,93,34,105,*,104,197,188,9,457,53,113,80,33,110,*,109,181,167,14,430,47,105,71,34,112,*,108,166,157,9
"서울특별시",강남구,대치2동,191,26,52,30,22,42,*,41,71,67,*,192,12,44,28,16,43,*,42,93,86,7,214,28,51,35,16,49,*,47,86,83,*,236,32,53,36,17,65,6,59,86,82,*
"서울특별시",강남구,개포2동,52,5,18,15,*,8,*,8,21,20,*,130,6,36,26,10,28,*,27,60,55,5,186,29,51,41,10,47,*,46,59,53,6,249,46,70,57,13,70,*,66,63,58,5
"서울특별시",송파구,소계,8262,1158,2830,1480,1350,1641,109,1532,2633,2315,318,8388,1071,2810,1483,1327,1879,111,1768,2628,2292,336,8712,1332,2844,1491,1353,1989,115,1874,2547,2297,250,8917,1376,2888,1503,1385,2092,131,1961,2561,2318,243
"서울특별시",송파구,풍납1동,523,61,256,104,152,86,7,79,120,89,31,508,61,251,98,153,85,8,77,111,72,39,473,55,229,69,160,88,9,79,101,79,22,467,53,236,69,167,85,12,73,93,72,21
"서울특별시",송파구,풍납2동,241,40,90,36,54,62,6,56,49,47,*,238,39,84,34,50,60,6,54,55,52,*,277,51,100,45,55,71,5,66,55,51,*,251,47,89,40,49,67,*,63,48,45,*
"서울특별시",송파구,거여1동,191,24,60,24,36,49,*,47,58,53,5,219,33,68,33,35,56,*,54,62,56,6,205,31,59,31,28,53,*,51,62,54,8,203,31,57,27,30,50,*,50,65,59,6
"서울특별시",송파구,거여2동,218,36,80,45,35,38,*,36,64,61,*,217,31,75,44,31,36,*,34,75,68,7,259,47,81,52,29,41,*,40,90,81,9,250,42,75,45,30,48,*,46,85,79,6
"서울특별시",송파구,마천1동,454,68,144,73,71,112,8,104,130,113,17,445,69,141,72,69,106,*,102,129,110,19,465,69,141,66,75,115,5,110,140,125,15,442,70,143,64,79,114,*,110,115,106,9
"서울특별시",송파구,마천2동,467,62,149,61,88,99,*,97,157,137,20,456,58,151,60,91,104,*,101,143,126,17,450,59,149,55,94,99,*,96,143,131,12,418,55,138,49,89,88,*,85,137,124,13
"서울특별시",송파구,방이1동,130,19,43,23,20,24,*,21,44,41,*,140,20,40,22,18,25,*,24,55,53,*,165,24,45,24,21,33,*,32,63,61,*,159,24,46,27,19,28,*,27,61,58,*
"서울특별시",송파구,방이2동,360,50,143,75,68,57,11,46,110,84,26,390,62,155,85,70,69,10,59,104,78,26,404,69,160,82,78,78,11,67,97,75,22,460,73,168,89,79,84,13,71,135,114,21
"서울특별시",송파구,오륜동,55,5,11,7,*,14,*,13,25,25,*,68,*,13,12,*,19,*,19,33,32,*,68,11,15,14,*,19,*,19,23,23,*,84,11,16,15,*,25,*,25,32,32,*
"서울특별시",송파구,오금동,518,86,169,78,91,114,*,110,149,137,12,515,78,162,76,86,122,*,119,153,137,16,515,92,157,68,89,124,*,122,142,124,18,548,94,164,70,94,137,*,133,153,134,19
"서울특별시",송파구,송파1동,377,42,149,65,84,71,13,58,115,96,19,402,47,163,77,86,72,13,59,120,98,22,405,55,164,73,91,82,14,68,104,87,17,392,52,165,71,94,72,14,58,103,91,12
"서울특별시",송파구,송파2동,204,26,70,43,27,34,*,33,74,72,*,198,19,65,36,29,48,*,45,66,64,*,202,27,63,37,26,45,*,42,67,63,*,214,31,68,38,30,49,5,44,66,63,*
"서울특별시",송파구,석촌동,552,65,228,101,127,88,6,82,171,138,33,565,62,232,103,129,97,8,89,174,134,40,558,78,220,100,120,105,13,92,155,134,21,559,79,213,98,115,108,11,97,159,135,24
"서울특별시",송파구,삼전동,494,68,177,85,92,100,6,94,149,119,30,483,79,183,84,99,101,5,96,120,96,24,509,81,184,78,106,115,10,105,129,114,15,517,84,187,84,103,112,16,96,134,111,23
"서울특별시",송파구,가락본동,354,54,128,72,56,63,7,56,109,95,14,299,36,106,56,50,59,7,52,98,89,9,333,52,110,57,53,66,8,58,105,96,9,322,53,114,51,63,61,7,54,94,86,8
"서울특별시",송파구,가락1동,7,*,*,*,*,*,*,*,*,*,*,256,35,70,59,11,68,*,67,83,81,*,316,61,85,74,11,84,*,83,86,82,*,282,53,78,68,10,81,*,79,70,66,*
"서울특별시",송파구,가락2동,295,38,103,52,51,57,*,55,97,79,18,258,31,98,43,55,59,*,56,70,60,10,246,30,89,38,51,55,*,52,72,66,6,248,34,86,31,55,60,*,59,68,61,7
"서울특별시",송파구,문정1동,229,38,76,44,32,48,*,47,67,56,11,281,48,88,55,33,66,*,63,79,67,12,261,42,76,46,30,65,*,62,78,73,5,276,48,82,54,28,68,5,63,78,72,6
"서울특별시",송파구,문정2동,248,49,88,66,22,35,*,33,76,74,*,267,43,86,67,19,55,*,52,83,80,*,265,55,86,70,16,54,*,53,70,69,*,253,53,80,64,16,52,*,51,68,67,*
"서울특별시",송파구,잠실본동,422,56,188,100,88,58,*,55,120,87,33,413,46,163,86,77,72,*,68,132,104,28,428,62,166,89,77,78,5,73,122,104,18,445,66,162,90,72,87,7,80,130,107,23
"서울특별시",송파구,잠실4동,220,35,55,44,11,46,*,45,84,82,*,183,18,39,31,8,57,*,56,69,66,*,184,34,46,39,7,56,*,55,48,47,*,173,31,42,37,5,55,*,53,45,43,*
"서울특별시",송파구,잠실6동,161,20,34,24,10,36,*,35,71,70,*,179,14,32,25,7,49,*,49,84,82,*,180,27,39,32,7,47,*,46,67,66,*,158,24,35,28,7,41,*,41,58,57,*
"서울특별시",송파구,잠실7동,65,8,13,11,*,13,*,12,31,31,*,75,*,16,13,*,18,*,17,37,37,*,89,12,20,16,*,22,*,21,35,35,*,89,11,18,14,*,23,*,22,37,37,*
"서울특별시",송파구,잠실2동,346,51,89,62,27,82,9,73,124,118,6,301,30,73,50,23,95,7,88,103,91,12,324,50,78,55,23,105,5,100,91,85,6,327,51,80,58,22,109,*,105,87,83,*
"서울특별시",송파구,잠실3동,321,42,70,55,15,64,*,63,145,142,*,273,22,60,49,11,71,*,68,120,118,*,357,50,79,63,16,92,*,89,136,132,*,343,49,77,61,16,89,*,86,128,125,*
"서울특별시",송파구,장지동,484,62,131,72,59,111,*,107,180,161,19,450,48,120,62,58,113,5,108,169,148,21,457,54,121,62,59,106,*,106,176,159,17,453,55,119,60,59,108,*,107,171,162,9
"서울특별시",송파구,위례동,326,51,84,56,28,78,5,73,113,107,6,309,35,76,51,25,97,5,92,101,93,8,317,54,82,56,26,91,*,87,90,81,9,584,102,150,101,49,191,8,183,141,129,12
"서울특별시",강동구,소계,6035,827,2088,972,1116,1258,71,1187,1862,1622,240,6177,845,2093,1002,1091,1369,77,1292,1870,1615,255,6677,1004,2209,1055,1154,1481,87,1394,1983,1778,205,7004,1087,2337,1116,1221,1595,108,1487,1985,1787,198
"서울특별시",강동구,명일1동,154,23,47,32,15,28,*,28,56,54,*,195,24,58,36,22,48,*,47,65,58,7,238,37,74,49,25,60,*,59,67,63,*,259,41,74,49,25,63,*,61,81,80,*
"서울특별시",강동구,명일2동,83,12,22,16,6,24,*,24,25,25,*,109,15,23,17,6,28,*,28,43,42,*,96,16,23,20,*,24,*,24,33,33,*,81,13,19,15,*,23,*,23,26,26,*
"서울특별시",강동구,고덕1동,232,38,64,34,30,53,*,52,77,76,*,201,30,48,25,23,60,*,59,63,61,*,234,41,57,32,25,70,*,69,66,62,*,222,39,56,29,27,68,*,67,59,52,7
"서울특별시",강동구,고덕2동,160,25,54,20,34,45,*,44,36,35,*,205,31,62,29,33,58,*,57,54,53,*,271,52,88,49,39,70,*,69,61,60,*,290,59,101,60,41,65,*,63,65,62,*
"서울특별시",강동구,암사2동,126,21,38,19,19,32,*,32,35,34,*,97,16,30,14,16,27,*,27,24,23,*,139,26,43,26,17,30,*,29,40,39,*,129,23,39,22,17,23,*,22,44,43,*
"서울특별시",강동구,암사3동,154,22,41,24,17,44,*,42,47,42,5,179,21,46,27,19,51,*,48,61,56,5,215,33,51,33,18,53,*,51,78,72,6,166,25,40,29,11,40,*,37,61,61,*
"서울특별시",강동구,천호1동,551,77,198,93,105,115,9,106,161,127,34,573,90,203,103,100,126,7,119,154,125,29,575,92,195,88,107,131,8,123,157,142,15,549,90,194,89,105,132,7,125,133,123,10
"서울특별시",강동구,천호3동,570,70,227,106,121,95,12,83,178,145,33,557,71,219,99,120,99,10,89,168,125,43,494,77,204,88,116,93,12,81,120,103,17,498,77,194,82,112,98,11,87,129,114,15
"서울특별시",강동구,성내1동,268,32,86,38,48,58,*,55,92,81,11,266,35,82,42,40,67,*,64,82,68,14,271,34,80,36,44,71,5,66,86,79,7,326,43,97,50,47,86,5,81,100,89,11
"서울특별시",강동구,성내2동,524,67,239,96,143,77,9,68,141,112,29,522,67,239,95,144,83,10,73,133,99,34,543,62,241,83,158,83,10,73,157,128,29,516,65,229,78,151,81,10,71,141,116,25
"서울특별시",강동구,성내3동,343,52,113,53,60,68,*,65,110,94,16,311,50,101,53,48,70,5,65,90,78,12,318,52,96,53,43,64,6,58,106,93,13,331,53,99,47,52,72,8,64,107,96,11
"서울특별시",강동구,둔촌1동,*,*,*,*,*,*,*,*,*,*,*,*,*,*,*,*,*,*,*,*,*,*,*,*,*,*,*,*,*,*,*,*,*,*,*,*,*,*,*,*,*,*,*,*
"서울특별시",강동구,둔촌2동,257,35,69,32,37,65,*,61,88,82,6,262,36,69,32,37,70,*,68,87,78,9,309,45,76,38,38,82,*,78,106,93,13,318,47,84,41,43,84,9,75,103,88,15
"서울특별시",강동구,암사1동,575,91,202,117,85,111,5,106,171,157,14,595,95,199,112,87,122,7,115,179,166,13,608,104,200,102,98,117,9,108,187,168,19,627,105,205,106,99,125,13,112,192,167,25
"서울특별시",강동구,천호2동,736,97,291,125,166,133,9,124,215,164,51,795,102,315,146,169,146,12,134,232,178,54,768,113,307,128,179,133,12,121,215,178,37,780,108,308,131,177,145,14,131,219,176,43
"서울특별시",강동구,길동,655,83,213,90,123,142,8,134,217,196,21,662,83,224,97,127,147,9,138,208,186,22,707,97,229,98,131,155,7,148,226,199,27,666,101,220,100,120,153,7,146,192,179,13
"서울특별시",강동구,강일동,488,61,131,53,78,127,*,124,169,156,13,488,57,125,53,72,124,*,120,182,175,7,569,70,149,71,78,151,6,145,199,191,8,692,108,216,101,115,181,9,172,187,173,14
"서울특별시",강동구,상일동,159,21,53,24,29,41,*,39,44,42,*,160,22,50,22,28,43,*,41,45,44,*,322,53,96,61,35,94,*,92,79,75,*,-,-,-,-,-,-,-,-,-,-,-
"서울특별시",강동구,상일1동,-,-,-,-,-,-,-,-,-,-,-,-,-,-,-,-,-,-,-,-,-,-,-,-,-,-,-,-,-,-,-,-,-,336,51,96,58,38,105,*,101,84,82,*
"서울특별시",강동구,상일2동,-,-,-,-,-,-,-,-,-,-,-,-,-,-,-,-,-,-,-,-,-,-,-,-,-,-,-,-,-,-,-,-,-,218,39,66,29,37,51,*,49,62,60,*
